sample_accession	run_accession	setup
donor_1_CHO	donor_1_CHO	paired
donor_1_RPE	donor_1_RPE	paired
donor_2_CHO	donor_2_CHO	paired
donor_2_RPE	donor_2_RPE	paired
SRS12239005	SRR18292952	paired
SRS12239004	SRR18292953	paired
SRS12238999	SRR18292958	paired
X12.0046.PR	X12.0046.PR	paired
X12.0276.MR	X12.0276.MR	paired
X12.0276.PR	X12.0276.PR	paired
X12.0396.MR	X12.0396.MR	paired
X12.0396.PR	X12.0396.PR	paired
X12.0408.MR	X12.0408.MR	paired
X12.0408.PR	X12.0408.PR	paired
X12.0530.MR	X12.0530.MR	paired
X12.0530.PR	X12.0530.PR	paired
X12.0538.MR	X12.0538.MR	paired
X12.0538.PR	X12.0538.PR	paired
X12.0732.MR	X12.0732.MR	paired
X12.0732.PR	X12.0732.PR	paired
X12.0046.PRCS	X12.0046.PRCS	paired
X12.0210.PR	X12.0210.PR	paired
X12.0210.PRCS	X12.0210.PRCS	paired
X12.0276.MRCS	X12.0276.MRCS	paired
X12.0276.PRCS	X12.0276.PRCS	paired
X12.0396.MRCS	X12.0396.MRCS	paired
X12.0396.PRCS	X12.0396.PRCS	paired
X12.0408.MRCS	X12.0408.MRCS	paired
X12.0408.PRCS	X12.0408.PRCS	paired
X12.0530.MRCS	X12.0530.MRCS	paired
X12.0530.PRCS	X12.0530.PRCS	paired
X12.0538.MRCS	X12.0538.MRCS	paired
X12.0538.PRCS	X12.0538.PRCS	paired
X12.0732.MRCS	X12.0732.MRCS	paired
X12.0732.PRCS	X12.0732.PRCS	paired
X105785	X105785_TGACCA_S10_L008	single
X105776	X105776_ATTCCT_S1_L008	single
X105787	X105787_ATCACG_S12_L008	single
X105787	X105787_ATCACG_S12_L003	single
X105776	X105776_ATTCCT_S1_L003	single
X105785	X105785_TGACCA_S10_L003	single
X105786	X105786_GAGTGG_S11_L008	single
X105784	X105784_GTGAAA_S9_L003	single
X105786	X105786_GAGTGG_S11_L003	single
X105784	X105784_GTGAAA_S9_L008	single
X105777	X105777_GGCTAC_S2_L008	single
X105777	X105777_GGCTAC_S2_L003	single
X105782	X105782_CGATGT_S7_L008	single
X105782	X105782_CGATGT_S7_L003	single
X105780	X105780_AGTTCC_S5_L008	single
X105783	X105783_CAGATC_S8_L003	single
X105780	X105780_AGTTCC_S5_L003	single
X105779	X105779_CGTACG_S4_L003	single
X105779	X105779_CGTACG_S4_L008	single
X105778	X105778_ACTTGA_S3_L008	single
X105781	X105781_GTTTCG_S6_L003	single
X105783	X105783_CAGATC_S8_L008	single
X105781	X105781_GTTTCG_S6_L008	single
X105778	X105778_ACTTGA_S3_L003	single
SRS6457374	SRR11519182	single
SRS6457373	SRR11519183	single
SRS6457375	SRR11519184	single
SRS6457376	SRR11519185	single
SRS6457377	SRR11519186	single
SRS6457378	SRR11519187	single
SRS6457379	SRR11519188	single
SRS6457380	SRR11519189	single
SRS6509681	SRR11579328	single
SRS6509682	SRR11579329	single
SRS6509683	SRR11579330	single
SRS6509684	SRR11579331	single
SRS6509685	SRR11579332	single
SRS6509686	SRR11579333	single
SRS6509687	SRR11579334	single
SRS6509688	SRR11579335	single
SRS6509689	SRR11579336	single
SRS6509690	SRR11579337	single
SRS6509691	SRR11579338	single
SRS6509692	SRR11579339	single
SRS6509693	SRR11579340	single
SRS6509694	SRR11579341	single
SRS6509695	SRR11579342	single
SRS6509696	SRR11579343	single
SRS6509697	SRR11579344	single
DRS161827	DRR228774	paired
DRS161828	DRR228775	paired
DRS161829	DRR228776	paired
DRS161830	DRR228777	paired
DRS161831	DRR228778	paired
DRS161832	DRR228779	paired
DRS161833	DRR228780	paired
SRS390607	SRR671954	single
SRS390608	SRR671955	single
SRS390609	SRR671956	single
SRS390610	SRR671957	single
SRS3076827	SRR6875334	paired
SRS3076828	SRR6875335	paired
SRS3076829	SRR6875336	paired
SRS3076830	SRR6875337	paired
SRS3076831	SRR6875338	paired
SRS3076832	SRR6875339	paired
SRS3076833	SRR6875340	paired
SRS3076834	SRR6875341	paired
SRS3076835	SRR6875342	paired
SRS3076836	SRR6875343	paired
SRS7771259	SRR13123467	paired
SRS7773270	SRR13123468	paired
SRS7769575	SRR13123469	paired
SRS7775040	SRR13123470	paired
SRS8145608	SRR13574907	paired
SRS8145607	SRR13574908	paired
SRS8145606	SRR13574909	paired
SRS7961495	SRR13347986	single
SRS7961496	SRR13347987	single
SRS7961497	SRR13347988	single
SRS9166479	SRR14768214	paired
SRS9166480	SRR14768215	paired
SRS9166481	SRR14768216	paired
SRS9166482	SRR14768217	paired
SRS11817482	SRR17818198	paired
SRS11817526	SRR17818255	paired
SRS11817625	SRR17818384	paired
SRS11817732	SRR17818514	paired
SRS11823562	SRR17822310	paired
SRS11824133	SRR17822892	paired
SRS11824523	SRR17823293	paired
SRS897015	SRR1956810	single
SRS897013	SRR1956811	single
SRS897014	SRR1956812	single
SRS2305608	SRR5740339	paired
SRS7961491	SRR13347982	single
SRS7961492	SRR13347983	single
SRS7961493	SRR13347984	single
SRS7961494	SRR13347985	single
ERS5672529	ERR5236614	paired
ERS5672530	ERR5236615	paired
ERS5672531	ERR5236616	paired
ERS5672532	ERR5236617	paired
ERS5672533	ERR5236618	paired
ERS5672534	ERR5236619	paired
ERS5672535	ERR5236620	paired
ERS5672536	ERR5236621	paired
ERS5672537	ERR5236622	paired
ERS5672538	ERR5236623	paired
ERS5672539	ERR5236624	paired
ERS5672540	ERR5236625	paired
ERS5672541	ERR5236626	paired
ERS5672542	ERR5236627	paired
ERS5672543	ERR5236628	paired
ERS5672544	ERR5236629	paired
ERS5672545	ERR5236630	paired
ERS5672546	ERR5236631	paired
ERS5672547	ERR5236632	paired
ERS5672548	ERR5236633	paired
ERS5672549	ERR5236634	paired
ERS5672550	ERR5236635	paired
ERS5672551	ERR5236636	paired
ERS5672552	ERR5236637	paired
ERS5672553	ERR5236638	paired
ERS5672554	ERR5236639	paired
ERS5672555	ERR5236640	paired
ERS5672556	ERR5236641	paired
ERS5672557	ERR5236642	paired
ERS5672558	ERR5236643	paired
ERS5672559	ERR5236644	paired
ERS5672560	ERR5236645	paired
ERS5672561	ERR5236646	paired
ERS5672562	ERR5236647	paired
ERS5672563	ERR5236648	paired
ERS5672564	ERR5236649	paired
ERS5672565	ERR5236650	paired
ERS5672566	ERR5236651	paired
ERS5672567	ERR5236652	paired
ERS5672568	ERR5236653	paired
ERS5672569	ERR5236654	paired
ERS5672570	ERR5236655	paired
ERS5672571	ERR5236656	paired
ERS5672572	ERR5236657	paired
ERS5672573	ERR5236658	paired
ERS5672574	ERR5236659	paired
ERS5672575	ERR5236660	paired
ERS5672576	ERR5236661	paired
ERS5672577	ERR5236662	paired
ERS5672578	ERR5236663	paired
SRS897012	SRR1956813	single
SRS897011	SRR1956814	single
SRS897009	SRR1956815	single
SRS897008	SRR1956816	single
SRS897010	SRR1956817	single
SRS897007	SRR1956818	single
SRS897006	SRR1956819	single
SRS897005	SRR1956820	single
SRS897004	SRR1956821	single
SRS897003	SRR1956822	single
SRS897002	SRR1956823	single
SRS897000	SRR1956824	single
SRS897001	SRR1956825	single
SRS896998	SRR1956826	single
SRS896997	SRR1956827	single
SRS896999	SRR1956828	single
SRS896996	SRR1956829	single
SRS896994	SRR1956830	single
SRS896995	SRR1956831	single
SRS896993	SRR1956832	single
SRS1597854	SRR3994671	paired
SRS1597855	SRR3994672	paired
SRS1597856	SRR3994673	paired
SRS1597860	SRR3994677	paired
SRS1597861	SRR3994678	paired
SRS1597862	SRR3994679	paired
SRS1597866	SRR3994683	paired
SRS1597867	SRR3994684	paired
SRS1597868	SRR3994685	paired
SRS1597872	SRR3994689	paired
SRS1597873	SRR3994690	paired
SRS1597874	SRR3994691	paired
SRS1597878	SRR3994695	paired
SRS1597879	SRR3994696	paired
SRS1597880	SRR3994697	paired
SRS1597881	SRR3994698	paired
SRS1597882	SRR3994699	paired
SRS1700699	SRR4253065	paired
SRS1700700	SRR4253066	paired
SRS1700701	SRR4253067	paired
SRS1700702	SRR4253068	paired
SRS1700703	SRR4253069	paired
SRS1700704	SRR4253070	paired
SRS1700705	SRR4253071	paired
SRS1700706	SRR4253072	paired
SRS2221039	SRR5591599	paired
SRS2221041	SRR5591601	paired
SRS2221042	SRR5591602	paired
SRS2221044	SRR5591604	paired
SRS2221046	SRR5591606	paired
SRS2221048	SRR5591608	paired
SRS2221051	SRR5591610	paired
SRS2221052	SRR5591612	paired
SRS7504865	SRR12807632	single
SRS7504866	SRR12807633	single
SRS7504867	SRR12807634	single
SRS7504868	SRR12807635	single
SRS7504869	SRR12807636	single
SRS7504870	SRR12807637	single
SRS8476047	SRR13981643	paired
SRS8476048	SRR13981644	paired
SRS8476049	SRR13981645	paired
SRS8476039	SRR13981646	paired
SRS8476038	SRR13981647	paired
SRS8476040	SRR13981648	paired
SRS8476041	SRR13981649	paired
SRS8476042	SRR13981650	paired
SRS8476043	SRR13981651	paired
SRS8476044	SRR13981652	paired
SRS8476045	SRR13981653	paired
SRS8476046	SRR13981654	paired
SRS9688109	SRR15351389	paired
SRS9688108	SRR15351390	paired
SRS9688107	SRR15351391	paired
SRS9688106	SRR15351392	paired
SRS9688105	SRR15351393	paired
SRS13498139	SRR19761397	paired
SRS13498138	SRR19761398	paired
SRS13498136	SRR19761399	paired
SRS13498137	SRR19761400	paired
SRS13498135	SRR19761401	paired
SRS13498134	SRR19761402	paired
SRS13498125	SRR19761410	paired
SRS13498126	SRR19761411	paired
SRS13498124	SRR19761412	paired
SRS13498123	SRR19761413	paired
SRS13498122	SRR19761414	paired
SRS13498121	SRR19761415	paired
SRS13498120	SRR19761416	paired
SRS13498119	SRR19761417	paired
SRS13498118	SRR19761418	paired
SRS13498109	SRR19761427	paired
SRS13498108	SRR19761428	paired
SRS13498107	SRR19761429	paired
SRS13498106	SRR19761430	paired
SRS13498105	SRR19761431	paired
SRS13498104	SRR19761432	paired
SRS13498103	SRR19761433	paired
SRS13498102	SRR19761434	paired
SRS13498101	SRR19761435	paired
SRS912585	SRR1979194	single
SRS912584	SRR1979195	single
SRS912583	SRR1979196	single
SRS912582	SRR1979197	single
SRS1314609	SRR3194197	single
SRS1314611	SRR3194198	single
SRS1314607	SRR3194199	single
SRS1314608	SRR3194200	single
SRS1597857	SRR3994674	paired
SRS1597858	SRR3994675	paired
SRS1597859	SRR3994676	paired
SRS1597863	SRR3994680	paired
SRS1597864	SRR3994681	paired
SRS1597865	SRR3994682	paired
SRS1597869	SRR3994686	paired
SRS1597870	SRR3994687	paired
SRS1597871	SRR3994688	paired
SRS1597875	SRR3994692	paired
SRS1597876	SRR3994693	paired
SRS1597877	SRR3994694	paired
SRS1700197	SRR4252548	single
SRS1700197	SRR5535471	single
SRS2221040	SRR5591600	paired
SRS2221043	SRR5591603	paired
SRS2221045	SRR5591605	paired
SRS2221047	SRR5591607	paired
SRS2221049	SRR5591609	paired
SRS2221050	SRR5591611	paired
SRS2221053	SRR5591613	paired
SRS4372080	SRR8582344	single
SRS4372081	SRR8582345	single
SRS4372082	SRR8582346	single
SRS4473280	SRR8710393	single
SRS4473282	SRR8710395	single
SRS4599205	SRR8867101	paired
SRS4599207	SRR8867103	paired
SRS4599209	SRR8867105	paired
SRS4599211	SRR8867108	paired
SRS4599213	SRR8867110	paired
SRS4599215	SRR8867112	paired
SRS4599217	SRR8867114	paired
SRS4599219	SRR8867116	paired
SRS4599221	SRR8867118	paired
SRS4599223	SRR8867120	paired
SRS4599225	SRR8867122	paired
SRS4599227	SRR8867124	paired
SRS4599230	SRR8867126	paired
SRS4599231	SRR8867128	paired
SRS4599234	SRR8867130	paired
SRS4599235	SRR8867132	paired
SRS4599236	SRR8867134	paired
SRS4599239	SRR8867136	paired
SRS4599242	SRR8867138	paired
SRS4599243	SRR8867140	paired
SRS4599245	SRR8867142	paired
SRS4599247	SRR8867144	paired
SRS4599249	SRR8867146	paired
SRS4599251	SRR8867148	paired
SRS6309237	SRR11296098	single
SRS6309239	SRR11296099	single
SRS6309238	SRR11296100	single
SRS6309240	SRR11296101	single
SRS6309241	SRR11296102	single
SRS6309242	SRR11296103	single
SRS6517573	SRR11587762	paired
SRS6517574	SRR11587763	paired
SRS6517575	SRR11587764	paired
SRS6517576	SRR11587765	paired
SRS6517577	SRR11587766	paired
SRS6517578	SRR11587767	paired
SRS6517579	SRR11587768	paired
SRS6517580	SRR11587769	paired
SRS6517581	SRR11587770	paired
SRS6517582	SRR11587771	paired
SRS6517583	SRR11587772	paired
SRS6517584	SRR11587773	paired
SRS6517585	SRR11587774	paired
SRS6517586	SRR11587775	paired
SRS6517587	SRR11587776	paired
SRS6517588	SRR11587777	paired
SRS6517589	SRR11587778	paired
SRS6933617	SRR12128894	paired
SRS6933618	SRR12128895	paired
SRS6933619	SRR12128896	paired
SRS6933620	SRR12128897	paired
SRS6933621	SRR12128898	paired
SRS6933622	SRR12128899	paired
SRS6933623	SRR12128900	paired
SRS6933624	SRR12128901	paired
SRS6933625	SRR12128902	paired
SRS7512844	SRR12817261	paired
SRS7512845	SRR12817262	paired
SRS7512846	SRR12817263	paired
SRS7512847	SRR12817264	paired
SRS7512848	SRR12817265	paired
SRS7512849	SRR12817266	paired
SRS7512850	SRR12817267	paired
SRS7512851	SRR12817268	paired
SRS7512852	SRR12817269	paired
SRS7512853	SRR12817270	paired
SRS7512854	SRR12817271	paired
SRS7512855	SRR12817272	paired
SRS7512856	SRR12817273	paired
SRS8900617	SRR14466172	paired
SRS8900618	SRR14466173	paired
SRS10449703	SRR16201939	paired
SRS10449704	SRR16201940	paired
SRS10449705	SRR16201941	paired
SRS10449706	SRR16201942	paired
SRS10449707	SRR16201943	paired
SRS10449708	SRR16201944	paired
SRS10449709	SRR16201945	paired
SRS10449710	SRR16201946	paired
SRS10449711	SRR16201947	paired
SRS10449712	SRR16201948	paired
SRS10449713	SRR16201949	paired
SRS10449714	SRR16201950	paired
SRS14398222	SRR20751579	single
SRS14398221	SRR20751580	single
SRS14398220	SRR20751581	single
SRS14398219	SRR20751582	single
SRS14398218	SRR20751583	single
SRS14398217	SRR20751584	single
SRS14398216	SRR20751585	single
SRS14398215	SRR20751586	single
SRS14398214	SRR20751587	single
SRS14398213	SRR20751588	single
SRS14398212	SRR20751589	single
SRS14398211	SRR20751590	single
SRS14398210	SRR20751591	single
SRS14398209	SRR20751592	single
SRS14398208	SRR20751593	single
SRS14398207	SRR20751594	single
SRS14398206	SRR20751595	single
SRS14398205	SRR20751596	single
SRS14398204	SRR20751597	single
SRS14398203	SRR20751598	single
SRS14398202	SRR20751599	single
SRS14398201	SRR20751600	single
SRS14398200	SRR20751601	single
SRS14398199	SRR20751602	single
SRS14398198	SRR20751603	single
SRS14398197	SRR20751604	single
SRS14398195	SRR20751605	single
SRS14398196	SRR20751606	single
SRS14398194	SRR20751607	single
SRS12410318	SRR18513209	paired
SRS12410318	SRR18513210	paired
SRS12410318	SRR18513211	paired
SRS12410318	SRR18513212	paired
SRS12410318	SRR18513213	paired
SRS12410318	SRR18513214	paired
SRS12410318	SRR18513215	paired
SRS12410318	SRR18513216	paired
SRS12410318	SRR18513217	paired
SRS12410318	SRR18513218	paired
SRS15022690	SRR21465508	paired
SRS15022689	SRR21465509	paired
SRS15022688	SRR21465510	paired
SRS369431	SRR592745	single
SRS369432	SRR592746	single
SRS369433	SRR592747	single
SRS369434	SRR592748	single
SRS369435	SRR592749	single
SRS542573	SRR1142089	single
SRS542574	SRR1142090	single
SRS846898	SRR1806587	single
SRS846897	SRR1806588	single
SRS846896	SRR1806589	single
SRS846899	SRR1806590	single
SRS846895	SRR1806591	single
SRS846893	SRR1806592	single
SRS846894	SRR1806593	single
SRS846892	SRR1806594	single
SRS846891	SRR1806595	single
SRS846889	SRR1806596	single
SRS846890	SRR1806597	single
SRS846888	SRR1806598	single
SRS846887	SRR1806599	single
SRS846886	SRR1806600	single
SRS846885	SRR1806601	single
SRS1305281	SRR3170102	paired
SRS1305281	SRR3170103	paired
SRS1305281	SRR3170104	paired
SRS1305281	SRR3170105	paired
SRS1305281	SRR3170106	paired
SRS1305280	SRR3170107	paired
SRS1305280	SRR3170108	paired
SRS1305280	SRR3170109	paired
SRS1305279	SRR3170110	paired
SRS1305279	SRR3170111	paired
SRS1305279	SRR3170112	paired
SRS1305278	SRR3170113	paired
SRS1305278	SRR3170114	paired
SRS1305278	SRR3170115	paired
SRS1305278	SRR3170116	paired
SRS1305278	SRR3170117	paired
SRS1305278	SRR3170118	paired
SRS1305277	SRR3170119	paired
SRS1305277	SRR3170120	paired
SRS1305277	SRR3170121	paired
SRS1305277	SRR3170122	paired
SRS1305276	SRR3170123	paired
SRS1305276	SRR3170124	paired
SRS1305276	SRR3170125	paired
SRS1305276	SRR3170126	paired
SRS1305275	SRR3170127	paired
SRS1305275	SRR3170128	paired
SRS1305275	SRR3170129	paired
SRS1305273	SRR3170130	paired
SRS1305273	SRR3170131	paired
SRS1305273	SRR3170132	paired
SRS1305256	SRR3170178	paired
SRS1305255	SRR3170179	paired
SRS1305254	SRR3170180	paired
SRS1305253	SRR3170181	paired
SRS1305252	SRR3170182	paired
SRS1305250	SRR3170183	paired
SRS1305250	SRR3170184	paired
SRS1305250	SRR3170185	paired
SRS1305250	SRR3170186	paired
SRS1305251	SRR3170187	paired
SRS1305251	SRR3170188	paired
SRS1305251	SRR3170189	paired
SRS1305251	SRR3170190	paired
SRS1305249	SRR3170191	paired
SRS1305248	SRR3170192	paired
SRS1305248	SRR3170193	paired
SRS1305248	SRR3170194	paired
SRS1305247	SRR3170195	paired
SRS1305247	SRR3170196	paired
SRS1305247	SRR3170197	paired
SRS1305246	SRR3170198	paired
SRS1305246	SRR3170199	paired
SRS1305246	SRR3170200	paired
SRS1305245	SRR3170201	paired
SRS1305244	SRR3170202	paired
SRS1305243	SRR3170203	paired
SRS1305242	SRR3170204	paired
SRS1305241	SRR3170205	paired
SRS1305240	SRR3170206	paired
SRS1478833	SRR3619906	single
SRS1478835	SRR3619907	single
SRS1478834	SRR3619908	single
SRS1478838	SRR3619909	single
SRS1478836	SRR3619910	single
SRS1478837	SRR3619911	single
SRS1817752	SRR5052450	single
SRS1817753	SRR5052451	single
SRS1817754	SRR5052452	single
SRS1817763	SRR5052461	single
SRS1817764	SRR5052462	single
SRS311706	SRR493008	single
SRS311707	SRR493009	single
SRS311708	SRR493010	single
SRS311710	SRR493012	single
SRS311712	SRR493014	single
SRS1572423	SRR3933199	paired
SRS1572424	SRR3933200	paired
SRS1572425	SRR3933201	paired
SRS1747723	SRR4425262	single
SRS1747723	SRR4425263	single
SRS2563735	SRR6130358	single
SRS2563736	SRR6130515	single
SRS542575	SRR1142091	single
SRS542576	SRR1142092	single
SRS542580	SRR1142095	single
SRS542579	SRR1142096	single
SRS1747747	SRR4425264	single
SRS1747747	SRR4425265	single
SRS1747748	SRR4425266	single
SRS1747748	SRR4425267	single
SRS1747749	SRR4425268	single
SRS1747749	SRR4425269	single
SRS2563737	SRR6130516	paired
SRS2563738	SRR6130517	paired
SRS2563739	SRR6130689	paired
SRS2563740	SRR6130690	paired
SRS085183	SRR060734	paired
SRS360123	SRR548611	paired
SRS360124	SRR548612	paired
SRS360125	SRR548613	paired
SRS523800	SRR1067932	paired
SRS523803	SRR1067936	paired
SRS523806	SRR1067939	paired
SRS523809	SRR1067942	paired
SRS523812	SRR1067944	paired
SRS523815	SRR1067948	paired
SRS523833	SRR1067970	paired
SRS523838	SRR1067975	paired
SRS523842	SRR1067979	paired
SRS523848	SRR1067984	paired
SRS523850	SRR1067986	paired
SRS523854	SRR1067988	paired
SRS523858	SRR1067991	paired
SRS523863	SRR1067996	paired
SRS523901	SRR1068000	paired
SRS1572426	SRR3933202	paired
SRS1572427	SRR3933203	paired
SRS1572428	SRR3933204	paired
SRS1588796	SRR3957253	single
SRS1588794	SRR3957254	single
SRS1936981	SRR5197972	paired
SRS1936982	SRR5197973	paired
SRS1936992	SRR5197983	paired
SRS1936993	SRR5197984	paired
SRS1955479	SRR5225761	paired
SRS1955480	SRR5225763	paired
SRS1955483	SRR5225765	paired
SRS1955484	SRR5225767	paired
SRS1955487	SRR5225769	paired
SRS1955488	SRR5225771	paired
SRS1955491	SRR5225773	paired
SRS1955493	SRR5225775	paired
SRS1955495	SRR5225777	paired
SRS1955497	SRR5225779	paired
SRS1955499	SRR5225781	paired
SRS1955501	SRR5225783	paired
SRS1955503	SRR5225785	paired
SRS1955505	SRR5225787	paired
SRS1955507	SRR5225789	paired
SRS1955509	SRR5225791	paired
SRS2154676	SRR5488304	paired
SRS2154677	SRR5488305	paired
SRS2154678	SRR5488306	paired
SRS2154679	SRR5488307	paired
SRS2154680	SRR5488308	paired
SRS2154681	SRR5488309	paired
SRS2154682	SRR5488310	paired
SRS2154683	SRR5488311	paired
SRS2154684	SRR5488312	paired
SRS2154685	SRR5488313	paired
SRS2154686	SRR5488314	paired
SRS2154687	SRR5488315	paired
SRS2154688	SRR5488316	paired
SRS2154689	SRR5488317	paired
SRS2154690	SRR5488318	paired
SRS2154691	SRR5488319	paired
SRS2154692	SRR5488320	paired
SRS2154693	SRR5488321	paired
SRS2154694	SRR5488322	paired
SRS2154695	SRR5488323	paired
SRS2154696	SRR5488324	paired
SRS2154697	SRR5488325	paired
SRS2154698	SRR5488326	paired
SRS2154699	SRR5488327	paired
SRS2154700	SRR5488328	paired
SRS2154701	SRR5488329	paired
SRS2154702	SRR5488330	paired
SRS2154703	SRR5488331	paired
SRS2154704	SRR5488332	paired
SRS2154705	SRR5488333	paired
SRS2154706	SRR5488334	paired
SRS2154707	SRR5488335	paired
SRS2511376	SRR6032665	paired
SRS2511377	SRR6032666	paired
SRS2511378	SRR6032667	paired
SRS2511379	SRR6032668	paired
SRS2511380	SRR6032669	paired
SRS2511382	SRR6032671	paired
SRS2582147	SRR6158803	paired
SRS2582148	SRR6158804	paired
SRS2582149	SRR6158805	paired
SRS2582150	SRR6158806	paired
SRS2582171	SRR6158807	paired
SRS2582151	SRR6158808	paired
SRS2582152	SRR6158809	paired
SRS2582153	SRR6158810	paired
SRS2582154	SRR6158811	paired
SRS2582155	SRR6158812	paired
SRS2582156	SRR6158813	paired
SRS2582157	SRR6158814	paired
SRS2582158	SRR6158815	paired
SRS2582159	SRR6158816	paired
SRS2582160	SRR6158817	paired
SRS2582161	SRR6158818	paired
SRS2582162	SRR6158819	paired
SRS2582163	SRR6158820	paired
SRS2582164	SRR6158821	paired
SRS2582165	SRR6158822	paired
SRS2582166	SRR6158823	paired
SRS2582167	SRR6158824	paired
SRS2582168	SRR6158825	paired
SRS2582169	SRR6158826	paired
SRS2582170	SRR6158827	paired
SRS3492845	SRR7460826	paired
SRS3492846	SRR7460827	paired
SRS3492847	SRR7460828	paired
SRS3492848	SRR7460829	paired
SRS3492849	SRR7460830	paired
SRS3492850	SRR7460831	paired
SRS3492851	SRR7460832	paired
SRS3492852	SRR7460833	paired
SRS3492854	SRR7460835	paired
SRS3492855	SRR7460836	paired
SRS3492856	SRR7460837	paired
SRS3492857	SRR7460838	paired
SRS3492858	SRR7460839	paired
SRS3492859	SRR7460840	paired
SRS3492860	SRR7460841	paired
SRS3492861	SRR7460842	paired
SRS3492862	SRR7460843	paired
SRS3492863	SRR7460844	paired
SRS3492865	SRR7460846	paired
SRS3492867	SRR7460848	paired
SRS3492868	SRR7460849	paired
SRS3492869	SRR7460850	paired
SRS3492870	SRR7460851	paired
SRS3492871	SRR7460852	paired
SRS3492872	SRR7460853	paired
SRS3492873	SRR7460854	paired
SRS3492874	SRR7460855	paired
SRS3492875	SRR7460856	paired
SRS3492876	SRR7460857	paired
SRS3492878	SRR7460859	paired
SRS3492879	SRR7460860	paired
SRS3492880	SRR7460861	paired
SRS3492881	SRR7460862	paired
SRS3492882	SRR7460863	paired
SRS3492884	SRR7460865	paired
SRS3492885	SRR7460866	paired
SRS3492886	SRR7460867	paired
SRS3492887	SRR7460868	paired
SRS3492889	SRR7460870	paired
SRS3492890	SRR7460871	paired
SRS3492892	SRR7460873	paired
SRS3492893	SRR7460874	paired
SRS3492894	SRR7460875	paired
SRS3492895	SRR7460876	paired
SRS3492896	SRR7460877	paired
SRS3492897	SRR7460878	paired
SRS3492898	SRR7460879	paired
SRS3492899	SRR7460880	paired
SRS3492901	SRR7460882	paired
SRS3492902	SRR7460883	paired
SRS3492903	SRR7460884	paired
SRS3492904	SRR7460885	paired
SRS3492905	SRR7460886	paired
SRS3492906	SRR7460887	paired
SRS3492907	SRR7460888	paired
SRS3492908	SRR7460889	paired
SRS3492910	SRR7460891	paired
SRS3492911	SRR7460892	paired
SRS3492913	SRR7460893	paired
SRS3492912	SRR7460894	paired
SRS3492915	SRR7460896	paired
SRS3492916	SRR7460897	paired
SRS3492917	SRR7460898	paired
SRS3492918	SRR7460899	paired
SRS3492921	SRR7460901	paired
SRS3492922	SRR7460903	paired
SRS3492923	SRR7460904	paired
SRS3492924	SRR7460905	paired
SRS3492925	SRR7460906	paired
SRS3492927	SRR7460908	paired
SRS3492928	SRR7460909	paired
SRS3492930	SRR7460910	paired
SRS3492931	SRR7460911	paired
SRS3492929	SRR7460912	paired
SRS3492932	SRR7460913	paired
SRS3492933	SRR7460914	paired
SRS3492935	SRR7460915	paired
SRS3492934	SRR7460916	paired
SRS3492936	SRR7460917	paired
SRS3492937	SRR7460918	paired
SRS3492938	SRR7460919	paired
SRS3492939	SRR7460920	paired
SRS3492940	SRR7460921	paired
SRS3492941	SRR7460922	paired
SRS3492942	SRR7460923	paired
SRS3492943	SRR7460924	paired
SRS3493002	SRR7460925	paired
SRS3492944	SRR7460926	paired
SRS3492945	SRR7460927	paired
SRS3492949	SRR7460930	paired
SRS3492948	SRR7460931	paired
SRS3492950	SRR7460932	paired
SRS3492951	SRR7460933	paired
SRS3492952	SRR7460934	paired
SRS3492953	SRR7460935	paired
SRS3492954	SRR7460936	paired
SRS3492955	SRR7460937	paired
SRS3492956	SRR7460938	paired
SRS3492957	SRR7460939	paired
SRS3492958	SRR7460940	paired
SRS3492959	SRR7460941	paired
SRS3492960	SRR7460942	paired
SRS3492961	SRR7460943	paired
SRS3492962	SRR7460944	paired
SRS3492963	SRR7460945	paired
SRS3492964	SRR7460946	paired
SRS3492968	SRR7460949	paired
SRS3492970	SRR7460952	paired
SRS3492971	SRR7460953	paired
SRS3492972	SRR7460954	paired
SRS3492974	SRR7460955	paired
SRS3492973	SRR7460956	paired
SRS3492975	SRR7460957	paired
SRS3492977	SRR7460958	paired
SRS3492976	SRR7460959	paired
SRS3492980	SRR7460961	paired
SRS3492979	SRR7460962	paired
SRS3492981	SRR7460963	paired
SRS3492983	SRR7460964	paired
SRS3492982	SRR7460965	paired
SRS3492984	SRR7460966	paired
SRS3492987	SRR7460967	paired
SRS3492986	SRR7460968	paired
SRS3492989	SRR7460971	paired
SRS3492990	SRR7460972	paired
SRS3492991	SRR7460973	paired
SRS3492992	SRR7460974	paired
SRS3492993	SRR7460975	paired
SRS3492994	SRR7460976	paired
SRS3492996	SRR7460978	paired
SRS3492997	SRR7460979	paired
SRS3492998	SRR7460980	paired
SRS3492999	SRR7460981	paired
SRS3493000	SRR7460982	paired
SRS3493001	SRR7460983	paired
SRS3493003	SRR7460984	paired
SRS3493004	SRR7460985	paired
SRS3493005	SRR7460986	paired
SRS3493006	SRR7460987	paired
SRS3493007	SRR7460988	paired
SRS3493008	SRR7460989	paired
SRS3493009	SRR7460990	paired
SRS3493010	SRR7460991	paired
SRS3493011	SRR7460992	paired
SRS3493012	SRR7460993	paired
SRS3493013	SRR7460994	paired
SRS3493018	SRR7461000	paired
SRS3493023	SRR7461003	paired
SRS3493022	SRR7461004	paired
SRS3493024	SRR7461005	paired
SRS3493025	SRR7461006	paired
SRS3493027	SRR7461007	paired
SRS3493026	SRR7461008	paired
SRS3493028	SRR7461009	paired
SRS3493030	SRR7461010	paired
SRS3493031	SRR7461011	paired
SRS3493029	SRR7461012	paired
SRS3493032	SRR7461013	paired
SRS3493033	SRR7461014	paired
SRS3493036	SRR7461017	paired
SRS3493037	SRR7461018	paired
SRS3493039	SRR7461019	paired
SRS3493038	SRR7461020	paired
SRS3493040	SRR7461021	paired
SRS3493041	SRR7461022	paired
SRS3493042	SRR7461023	paired
SRS3493044	SRR7461025	paired
SRS3493046	SRR7461026	paired
SRS3493047	SRR7461027	paired
SRS3493045	SRR7461028	paired
SRS3493048	SRR7461029	paired
SRS3493049	SRR7461030	paired
SRS3493050	SRR7461031	paired
SRS3493051	SRR7461032	paired
SRS3493052	SRR7461034	paired
SRS3493054	SRR7461035	paired
SRS3493055	SRR7461036	paired
SRS3493056	SRR7461037	paired
SRS3493057	SRR7461038	paired
SRS3493058	SRR7461039	paired
SRS3493060	SRR7461041	paired
SRS3493061	SRR7461042	paired
SRS3493063	SRR7461044	paired
SRS3493064	SRR7461045	paired
SRS3493066	SRR7461046	paired
SRS3493065	SRR7461047	paired
SRS3493067	SRR7461048	paired
SRS3493068	SRR7461049	paired
SRS3493070	SRR7461051	paired
SRS3493153	SRR7461052	paired
SRS3493072	SRR7461053	paired
SRS3493073	SRR7461055	paired
SRS3493074	SRR7461056	paired
SRS3493075	SRR7461057	paired
SRS3493076	SRR7461058	paired
SRS3493077	SRR7461059	paired
SRS3493078	SRR7461060	paired
SRS3493079	SRR7461061	paired
SRS3493080	SRR7461062	paired
SRS3493081	SRR7461063	paired
SRS3493083	SRR7461064	paired
SRS3493082	SRR7461065	paired
SRS3493085	SRR7461066	paired
SRS3493084	SRR7461067	paired
SRS3493086	SRR7461068	paired
SRS3493088	SRR7461070	paired
SRS3493090	SRR7461072	paired
SRS3493091	SRR7461073	paired
SRS3493093	SRR7461074	paired
SRS3493095	SRR7461075	paired
SRS3493092	SRR7461076	paired
SRS3493094	SRR7461077	paired
SRS3493096	SRR7461078	paired
SRS3493097	SRR7461079	paired
SRS3493099	SRR7461080	paired
SRS3493180	SRR7461081	paired
SRS3493098	SRR7461082	paired
SRS3493102	SRR7461083	paired
SRS3493101	SRR7461084	paired
SRS3493103	SRR7461086	paired
SRS3493105	SRR7461087	paired
SRS3493106	SRR7461088	paired
SRS3493104	SRR7461089	paired
SRS3493107	SRR7461090	paired
SRS3493109	SRR7461091	paired
SRS3493108	SRR7461093	paired
SRS3493113	SRR7461095	paired
SRS3493112	SRR7461096	paired
SRS3493114	SRR7461097	paired
SRS3493115	SRR7461098	paired
SRS3493116	SRR7461099	paired
SRS3493117	SRR7461100	paired
SRS3493118	SRR7461101	paired
SRS3493119	SRR7461102	paired
SRS3493120	SRR7461103	paired
SRS3493121	SRR7461104	paired
SRS3493122	SRR7461105	paired
SRS3493123	SRR7461106	paired
SRS3493124	SRR7461107	paired
SRS3493126	SRR7461108	paired
SRS3493127	SRR7461110	paired
SRS3493128	SRR7461111	paired
SRS3493129	SRR7461112	paired
SRS3493130	SRR7461113	paired
SRS3493131	SRR7461114	paired
SRS3493132	SRR7461115	paired
SRS3493134	SRR7461117	paired
SRS3493135	SRR7461118	paired
SRS3493136	SRR7461119	paired
SRS3493137	SRR7461120	paired
SRS3493138	SRR7461121	paired
SRS3493139	SRR7461122	paired
SRS3493140	SRR7461123	paired
SRS3493144	SRR7461125	paired
SRS3493142	SRR7461126	paired
SRS3493143	SRR7461127	paired
SRS3493145	SRR7461128	paired
SRS3493147	SRR7461129	paired
SRS3493148	SRR7461130	paired
SRS3493146	SRR7461131	paired
SRS3493149	SRR7461132	paired
SRS3493151	SRR7461134	paired
SRS3493152	SRR7461135	paired
SRS3493155	SRR7461136	paired
SRS3493156	SRR7461137	paired
SRS3493154	SRR7461138	paired
SRS3493157	SRR7461139	paired
SRS3493159	SRR7461140	paired
SRS3493158	SRR7461141	paired
SRS3493161	SRR7461142	paired
SRS3493160	SRR7461143	paired
SRS3493162	SRR7461144	paired
SRS3493163	SRR7461145	paired
SRS3493165	SRR7461147	paired
SRS3493167	SRR7461149	paired
SRS3493168	SRR7461150	paired
SRS3493169	SRR7461151	paired
SRS3493171	SRR7461152	paired
SRS3493170	SRR7461153	paired
SRS3493270	SRR7461154	paired
SRS3493174	SRR7461156	paired
SRS3493173	SRR7461157	paired
SRS3493175	SRR7461158	paired
SRS3493176	SRR7461159	paired
SRS3493178	SRR7461160	paired
SRS3493179	SRR7461161	paired
SRS3493177	SRR7461162	paired
SRS3493182	SRR7461164	paired
SRS3493184	SRR7461165	paired
SRS3493185	SRR7461166	paired
SRS3493183	SRR7461167	paired
SRS3493186	SRR7461168	paired
SRS3493187	SRR7461169	paired
SRS3493188	SRR7461170	paired
SRS3493190	SRR7461171	paired
SRS3493189	SRR7461172	paired
SRS3493191	SRR7461173	paired
SRS3493192	SRR7461174	paired
SRS3493193	SRR7461175	paired
SRS3493195	SRR7461176	paired
SRS3493194	SRR7461177	paired
SRS3493196	SRR7461178	paired
SRS3493197	SRR7461179	paired
SRS3493198	SRR7461180	paired
SRS3493199	SRR7461181	paired
SRS3493200	SRR7461182	paired
SRS3493202	SRR7461183	paired
SRS3493201	SRR7461184	paired
SRS3493203	SRR7461185	paired
SRS3493204	SRR7461186	paired
SRS3493205	SRR7461187	paired
SRS3493206	SRR7461188	paired
SRS3493207	SRR7461189	paired
SRS3493208	SRR7461190	paired
SRS3493209	SRR7461191	paired
SRS3493210	SRR7461192	paired
SRS3493212	SRR7461193	paired
SRS3493211	SRR7461194	paired
SRS3493213	SRR7461195	paired
SRS3493215	SRR7461196	paired
SRS3493219	SRR7461199	paired
SRS3493217	SRR7461200	paired
SRS3493218	SRR7461201	paired
SRS3493221	SRR7461202	paired
SRS3493220	SRR7461204	paired
SRS3493223	SRR7461205	paired
SRS3493224	SRR7461206	paired
SRS3493225	SRR7461207	paired
SRS3493226	SRR7461208	paired
SRS3493229	SRR7461209	paired
SRS3493227	SRR7461210	paired
SRS3493228	SRR7461211	paired
SRS3493230	SRR7461212	paired
SRS3493231	SRR7461213	paired
SRS3493232	SRR7461214	paired
SRS3493235	SRR7461216	paired
SRS3493234	SRR7461217	paired
SRS3493236	SRR7461218	paired
SRS3493238	SRR7461219	paired
SRS3493237	SRR7461220	paired
SRS3493338	SRR7461222	paired
SRS3493241	SRR7461223	paired
SRS3493242	SRR7461224	paired
SRS3493244	SRR7461225	paired
SRS3493243	SRR7461226	paired
SRS3493240	SRR7461227	paired
SRS3493245	SRR7461228	paired
SRS3493247	SRR7461229	paired
SRS3493246	SRR7461230	paired
SRS3493250	SRR7461231	paired
SRS3493248	SRR7461232	paired
SRS3493251	SRR7461234	paired
SRS3493252	SRR7461235	paired
SRS3493253	SRR7461236	paired
SRS3493254	SRR7461237	paired
SRS3493255	SRR7461238	paired
SRS3493256	SRR7461239	paired
SRS3493257	SRR7461240	paired
SRS3493258	SRR7461241	paired
SRS3493259	SRR7461242	paired
SRS3493262	SRR7461244	paired
SRS3493260	SRR7461245	paired
SRS3493263	SRR7461246	paired
SRS3493265	SRR7461247	paired
SRS3493268	SRR7461248	paired
SRS3493269	SRR7461249	paired
SRS3493267	SRR7461250	paired
SRS3493264	SRR7461251	paired
SRS3493266	SRR7461252	paired
SRS3493275	SRR7461253	paired
SRS3493273	SRR7461254	paired
SRS3493271	SRR7461255	paired
SRS3493274	SRR7461257	paired
SRS3493276	SRR7461258	paired
SRS3493277	SRR7461259	paired
SRS3493278	SRR7461260	paired
SRS3493282	SRR7461262	paired
SRS3493283	SRR7461264	paired
SRS3493280	SRR7461265	paired
SRS3493284	SRR7461266	paired
SRS3493285	SRR7461267	paired
SRS3493286	SRR7461268	paired
SRS3493288	SRR7461269	paired
SRS3493290	SRR7461270	paired
SRS3493289	SRR7461271	paired
SRS3493287	SRR7461272	paired
SRS3493366	SRR7461273	paired
SRS3493292	SRR7461274	paired
SRS3493293	SRR7461275	paired
SRS3493291	SRR7461276	paired
SRS3493294	SRR7461277	paired
SRS3493295	SRR7461278	paired
SRS3493297	SRR7461280	paired
SRS3493298	SRR7461281	paired
SRS3493299	SRR7461282	paired
SRS3493301	SRR7461283	paired
SRS3493300	SRR7461284	paired
SRS3493302	SRR7461285	paired
SRS3493305	SRR7461287	paired
SRS3493306	SRR7461288	paired
SRS3493304	SRR7461289	paired
SRS3493309	SRR7461290	paired
SRS3493308	SRR7461291	paired
SRS3493307	SRR7461292	paired
SRS3493310	SRR7461293	paired
SRS3493311	SRR7461294	paired
SRS3493312	SRR7461295	paired
SRS3493313	SRR7461296	paired
SRS3493316	SRR7461297	paired
SRS3493315	SRR7461298	paired
SRS3493317	SRR7461300	paired
SRS3493318	SRR7461301	paired
SRS3493319	SRR7461302	paired
SRS3493322	SRR7461303	paired
SRS3493320	SRR7461304	paired
SRS3493321	SRR7461305	paired
SRS3493324	SRR7461306	paired
SRS3493323	SRR7461308	paired
SRS3493326	SRR7461309	paired
SRS3493328	SRR7461310	paired
SRS3493327	SRR7461311	paired
SRS3493330	SRR7461312	paired
SRS3493331	SRR7461313	paired
SRS3493333	SRR7461315	paired
SRS3493332	SRR7461316	paired
SRS3493334	SRR7461317	paired
SRS3493337	SRR7461318	paired
SRS3493336	SRR7461319	paired
SRS3493339	SRR7461321	paired
SRS3493343	SRR7461322	paired
SRS3493340	SRR7461323	paired
SRS3493342	SRR7461324	paired
SRS3493344	SRR7461325	paired
SRS3493341	SRR7461326	paired
SRS3493346	SRR7461327	paired
SRS3493345	SRR7461328	paired
SRS3493348	SRR7461329	paired
SRS3493349	SRR7461331	paired
SRS3493351	SRR7461332	paired
SRS3493350	SRR7461333	paired
SRS3493353	SRR7461334	paired
SRS3493352	SRR7461336	paired
SRS3493356	SRR7461337	paired
SRS3493357	SRR7461338	paired
SRS3493354	SRR7461339	paired
SRS3493358	SRR7461340	paired
SRS3493360	SRR7461341	paired
SRS3493362	SRR7461342	paired
SRS3493359	SRR7461343	paired
SRS3493361	SRR7461344	paired
SRS3493364	SRR7461345	paired
SRS3493363	SRR7461346	paired
SRS3729711	SRR7773397	single
SRS3729712	SRR7773398	single
SRS3729713	SRR7773399	single
SRS3729714	SRR7773400	single
SRS3729715	SRR7773401	single
SRS3729716	SRR7773402	single
SRS3729717	SRR7773403	single
SRS3729718	SRR7773404	single
SRS3729719	SRR7773405	single
SRS3729720	SRR7773406	single
SRS3729721	SRR7773407	single
SRS3729722	SRR7773408	single
SRS3729723	SRR7773409	single
SRS3729724	SRR7773410	single
SRS3729725	SRR7773411	single
SRS3729726	SRR7773412	single
SRS3729727	SRR7773413	single
SRS3729728	SRR7773414	single
SRS3729729	SRR7773415	single
SRS3729730	SRR7773416	single
SRS3729731	SRR7773417	single
SRS3729732	SRR7773418	single
SRS3729733	SRR7773419	single
SRS3729734	SRR7773420	single
SRS3729735	SRR7773421	single
SRS3729736	SRR7773422	single
SRS3729737	SRR7773423	single
SRS3729738	SRR7773424	single
SRS3729739	SRR7773425	single
SRS3729740	SRR7773426	single
SRS3729741	SRR7773427	single
ERS1625861	ERR1895591	paired
ERS1625861	ERR1895592	paired
ERS1625862	ERR1895593	paired
ERS1625862	ERR1895594	paired
ERS1625863	ERR1895595	paired
ERS1625863	ERR1895596	paired
SRS302236	SRR447137	single
SRS302237	SRR447138	single
SRS402526	SRR786439	single
SRS311709	SRR493011	single
SRS311711	SRR493013	single
SRS311713	SRR493015	single
SRS311714	SRR493016	single
SRS311715	SRR493017	single
SRS523798	SRR1067930	paired
SRS523802	SRR1067934	paired
SRS523804	SRR1067937	paired
SRS523807	SRR1067940	paired
SRS523811	SRR1067943	paired
SRS523813	SRR1067946	paired
SRS523818	SRR1067951	paired
SRS523835	SRR1067973	paired
SRS523840	SRR1067977	paired
SRS523847	SRR1067983	paired
SRS523849	SRR1067985	paired
SRS523853	SRR1067987	paired
SRS523856	SRR1067989	paired
SRS523860	SRR1067993	paired
SRS523900	SRR1067999	paired
SRS523902	SRR1068136	paired
SRS687009	SRR1554582	single
SRS687010	SRR1554583	single
SRS687011	SRR1554584	single
SRS873539	SRR1783834	paired
SRS873539	SRR1783835	paired
SRS873540	SRR1783836	paired
SRS873540	SRR1783837	paired
SRS873541	SRR1783838	paired
SRS873541	SRR1783839	paired
SRS1054269	SRR2142347	single
SRS1054266	SRR2166265	single
SRS1054268	SRR2166367	single
SRS1054267	SRR2166368	single
SRS1509092	SRR3677548	paired
SRS1509092	SRR3677549	paired
SRS1509093	SRR3677550	paired
SRS1509093	SRR3677551	paired
SRS1509094	SRR3677552	paired
SRS1509094	SRR3677553	paired
SRS1146040	SRR2895372	single
SRS1146043	SRR2895378	single
SRS1146045	SRR2895380	single
SRS1146046	SRR2895381	single
SRS1706078	SRR4280471	paired
SRS1749418	SRR4427914	paired
SRS1749419	SRR4427915	paired
SRS1749420	SRR4427916	paired
SRS1773864	SRR4787042	paired
SRS1837416	SRR5077525	single
SRS1837418	SRR5077527	single
SRS1837420	SRR5077529	single
SRS1955481	SRR5225762	paired
SRS1955482	SRR5225764	paired
SRS1955485	SRR5225766	paired
SRS1955486	SRR5225768	paired
SRS1955489	SRR5225770	paired
SRS1955490	SRR5225772	paired
SRS1955492	SRR5225774	paired
SRS1955494	SRR5225776	paired
SRS1955496	SRR5225778	paired
SRS1955498	SRR5225780	paired
SRS1955500	SRR5225782	paired
SRS1955502	SRR5225784	paired
SRS1955504	SRR5225786	paired
SRS1955506	SRR5225788	paired
SRS1955508	SRR5225790	paired
SRS1955510	SRR5225792	paired
SRS2165871	SRR5508027	single
SRS2165873	SRR5508029	single
SRS2240217	SRR5629579	paired
SRS2240217	SRR5629580	paired
SRS2240225	SRR5629595	paired
SRS2240225	SRR5629596	paired
SRS2240232	SRR5629609	paired
SRS2240232	SRR5629610	paired
SRS2240233	SRR5629611	paired
SRS2240233	SRR5629612	paired
SRS2305609	SRR5740337	paired
SRS2305607	SRR5740338	paired
SRS2338621	SRR5807527	paired
SRS2338621	SRR5807528	paired
SRS2338621	SRR5807529	paired
SRS2338621	SRR5807530	paired
SRS2338623	SRR5807531	paired
SRS2338623	SRR5807532	paired
SRS2338623	SRR5807533	paired
SRS2338623	SRR5807534	paired
SRS2338622	SRR5807535	paired
SRS2338622	SRR5807536	paired
SRS2338622	SRR5807537	paired
SRS2338622	SRR5807538	paired
SRS2445740	SRR5952186	single
SRS2445741	SRR5952187	single
SRS2445742	SRR5952188	single
SRS2445743	SRR5952189	single
SRS2445744	SRR5952190	single
SRS2445745	SRR5952191	single
SRS2445746	SRR5952192	single
SRS2445747	SRR5952193	single
SRS2445748	SRR5952194	single
SRS2445749	SRR5952195	single
SRS2445750	SRR5952196	single
SRS2445751	SRR5952197	single
SRS2445752	SRR5952198	single
SRS2445753	SRR5952199	single
SRS2445754	SRR5952200	single
SRS2445755	SRR5952201	single
SRS2445760	SRR5952206	single
SRS3630134	SRR7647833	single
SRS3630135	SRR7647834	single
SRS649581	GTEX.113JC.0726.SM.5GZZR.1	paired
SRS649726	GTEX.1192X.1526.SM.5H11I.1	paired
SRS638248	GTEX.11GSO.2326.SM.5A5LX.1	paired
SRS645927	GTEX.11PRG.0626.SM.5BC56.1	paired
SRS649749	GTEX.11ZTS.1326.SM.5EQMA.1	paired
SRS629473	GTEX.11ZVC.2626.SM.5FQTA.1	paired
SRS630582	GTEX.1269C.2726.SM.5EGJ4.1	paired
SRS650084	GTEX.12KS4.1526.SM.5EQ6E.1	paired
SRS638013	GTEX.12WSC.1726.SM.5GCN3.1	paired
SRS637031	GTEX.12WSG.0426.SM.5FQSE.1	paired
SRS645892	GTEX.12WSK.1026.SM.5CVNR.1	paired
SRS634780	GTEX.13112.2726.SM.5DUW5.1	paired
SRS649601	GTEX.131XF.2226.SM.5EQKG.1	paired
SRS645982	GTEX.132AR.0226.SM.5IJBE.1	paired
SRS627954	GTEX.139TU.1426.SM.5LZY9.1	paired
SRS629954	GTEX.13CF3.1126.SM.5LZXB.1	paired
SRS649776	GTEX.13FHO.2026.SM.5J1OA.1	paired
SRS637725	GTEX.13G51.0526.SM.5IJCQ.1	paired
SRS638410	GTEX.13IVO.0226.SM.5LZXU.1	paired
SRS639246	GTEX.13IVO.2426.SM.5K7V9.1	paired
SRS625385	GTEX.13N2G.2726.SM.5J1MG.1	paired
SRS649597	GTEX.13NZ8.0926.SM.5MR3U.1	paired
SRS638080	GTEX.13NZB.2426.SM.5K7UF.1	paired
SRS625452	GTEX.13O3P.0226.SM.5KM3Z.1	paired
SRS644697	GTEX.13OVG.1326.SM.5K7Y3.1	paired
SRS644104	GTEX.13OVJ.0326.SM.5L3GL.1	paired
SRS645971	GTEX.13OW8.1226.SM.5K7XD.1	paired
SRS644747	GTEX.145LS.0226.SM.5O9A5.1	paired
SRS635300	GTEX.145ME.0726.SM.5O9A3.1	paired
SRS627747	GTEX.148VI.1726.SM.5S2W9.1	paired
SRS629416	GTEX.14AS3.0426.SM.5QGQK.1	paired
SRS408811	GTEX.OXRP.0226.SM.3NB14.1	paired
SRS374724	GTEX.PWN1.0226.SM.2S1OZ.1	paired
SRS332999	GTEX.QDVN.2126.SM.2I3FR.1	paired
SRS374744	GTEX.QLQ7.1526.SM.2S1QA.1	paired
SRS374914	GTEX.R55G.2426.SM.2TC5I.1	paired
SRS374785	GTEX.REY6.0326.SM.2TF5A.1	paired
SRS374741	GTEX.RTLS.0226.SM.2TF5E.1	paired
SRS524256	GTEX.RU72.1026.SM.46MUG.1	paired
SRS524836	GTEX.TKQ1.1126.SM.4GIAZ.1	paired
SRS408257	GTEX.WL46.2026.SM.3LK7U.1	paired
SRS408342	GTEX.WRHK.0826.SM.3MJFG.1	paired
SRS629229	GTEX.WYVS.0626.SM.4SOJY.1	paired
SRS649543	GTEX.X4EO.0426.SM.4QASA.1	paired
SRS524861	GTEX.XGQ4.1026.SM.4AT4L.1	paired
SRS526593	GTEX.XLM4.1026.SM.4AT51.1	paired
SRS526026	GTEX.XMK1.2226.SM.4B673.1	paired
SRS524233	GTEX.XUZC.1126.SM.4BOPZ.1	paired
SRS524701	GTEX.XUZC.1826.SM.4BRVO.1	paired
SRS525170	GTEX.XV7Q.1726.SM.4BRUU.1	paired
SRS644595	GTEX.Y5LM.0826.SM.4VDSW.1	paired
SRS648926	GTEX.YEC3.0926.SM.5Q5AC.1	paired
SRS649547	GTEX.YJ89.1926.SM.5IFJ6.1	paired
SRS627186	GTEX.ZC5H.1626.SM.5HL7L.1	paired
SRS637902	GTEX.ZDTS.0226.SM.5HL7Q.1	paired
SRS629662	GTEX.ZDXO.2326.SM.5LU9W.1	paired
SRS630049	GTEX.ZLWG.0726.SM.5S2NG.1	paired
SRS648244	GTEX.ZPCL.1026.SM.5GCOX.1	paired
SRS627765	GTEX.ZTPG.0226.SM.5O99I.1	paired
SRS639435	GTEX.ZZ64.0626.SM.5GZWR.1	paired
SRS624008	GTEX.111CU.0126.SM.5GZWZ.1	paired
SRS623878	GTEX.111YS.0126.SM.5987T.1	paired
SRS623942	GTEX.11EQ9.0126.SM.5986I.1	paired
SRS648898	GTEX.11XUK.0126.SM.5CVLK.1	paired
SRS636687	GTEX.1211K.0126.SM.59HJE.1	paired
SRS649780	GTEX.12WSD.2126.SM.5LZWK.1	paired
SRS629477	GTEX.12WSG.0726.SM.5EGIG.1	paired
SRS629800	GTEX.13111.0326.SM.5DUXF.1	paired
SRS645737	GTEX.131XF.0126.SM.5DUVF.1	paired
SRS650074	GTEX.145MN.0226.SM.5QGPY.1	paired
SRS643984	GTEX.146FR.1526.SM.5SIB8.1	paired
SRS625537	GTEX.147F4.2526.SM.5NQBB.1	paired
SRS639349	GTEX.14BMU.0126.SM.5S2Q9.1	paired
SRS625618	GTEX.14H4A.0226.SM.5SI6Q.1	paired
SRS408455	GTEX.O5YV.1126.SM.3LK73.1	paired
SRS526179	GTEX.Q734.0126.SM.48U1E.1	paired
SRS524287	GTEX.QDVN.0426.SM.48TZ6.1	paired
SRS524857	GTEX.S341.0126.SM.4AD64.1	paired
SRS534952	GTEX.S4Z8.0126.SM.4GICC.1	paired
SRS525085	GTEX.SUCS.0526.SM.4DM56.1	paired
SRS525325	GTEX.U3ZM.0226.SM.4DXTA.1	paired
SRS525186	GTEX.VUSG.1526.SM.4KKZH.1	paired
SRS644642	GTEX.WY7C.0326.SM.4OND5.1	paired
SRS626613	GTEX.Y114.0526.SM.4TT8V.1	paired
SRS639453	GTEX.Y3IK.0226.SM.51MRJ.1	paired
SRS638246	GTEX.Y5V5.1326.SM.4V6G9.1	paired
SRS634775	GTEX.YFCO.0126.SM.4W1YT.1	paired
SRS627184	GTEX.ZF2S.0126.SM.4WKFO.1	paired
SRS649535	GTEX.ZT9X.0126.SM.4YCFC.1	paired
SRS627143	GTEX.ZVT2.0826.SM.5GIEO.1	paired
SRS526083	GTEX.S32W.1126.SM.4AD5V.1	paired
SRS526556	GTEX.S3XE.1226.SM.4AD4L.1	paired
SRS525380	GTEX.S4UY.0926.SM.4AD6O.1	paired
SRS525305	GTEX.SE5C.1026.SM.4BRUG.1	paired
SRS524923	GTEX.SNMC.0826.SM.4DM66.1	paired
SRS524959	GTEX.TMMY.1526.SM.4DXST.1	paired
SRS524326	GTEX.U3ZM.0826.SM.4DXU6.1	paired
SRS534674	GTEX.U3ZN.1226.SM.4DXUD.1	paired
SRS524681	GTEX.U4B1.1226.SM.4DXT7.1	paired
SRS637707	GTEX.111YS.0006.SM.5NQBE.1	paired
SRS624043	GTEX.11DXW.0006.SM.5NQ7Y.1	paired
SRS637269	GTEX.11EM3.0001.SM.5Q5BD.1	paired
SRS648441	GTEX.11EM3.0005.SM.5N9DK.1	paired
SRS648894	GTEX.11EQ9.0002.SM.5QGQ1.1	paired
SRS629430	GTEX.11I78.0001.SM.5Q5BE.1	paired
SRS627187	GTEX.11OC5.0004.SM.5S2O6.1	paired
SRS636354	GTEX.11ZTT.0002.SM.5S2PA.1	paired
SRS628429	GTEX.1211K.0001.SM.5S2P9.1	paired
SRS627882	GTEX.1212Z.0002.SM.5SI6W.1	paired
SRS628796	GTEX.132AR.0006.SM.5NQ7N.1	paired
SRS631405	GTEX.13PLJ.0005.SM.5NQ99.1	paired
SRS333467	GTEX.NL3H.0006.SM.2I3FW.1	paired
SRS333527	GTEX.OXRP.0006.SM.2I3FN.1	paired
SRS333266	GTEX.P4QR.0006.SM.2I5GN.1	paired
SRS389825	GTEX.PLZ6.0006.SM.33HBZ.1	paired
SRS333403	GTEX.POMQ.0006.SM.2I5F4.1	paired
SRS332963	GTEX.PW2O.0006.SM.2I3DV.1	paired
SRS333370	GTEX.Q2AH.0005.SM.2I3FI.1	paired
SRS333631	GTEX.Q2AI.0006.SM.2I3FG.1	paired
SRS374994	GTEX.QCQG.0006.SM.2S1OW.1	paired
SRS333038	GTEX.QEG5.0006.SM.2I5FZ.1	paired
SRS333628	GTEX.QESD.0006.SM.2I5G6.1	single
SRS374718	GTEX.QVJO.0006.SM.2S1RC.1	paired
SRS374901	GTEX.R55F.0005.SM.2TF4W.1	paired
SRS389735	GTEX.RU1J.0003.SM.3K2A8.1	paired
SRS374840	GTEX.RVPU.0005.SM.2TF6L.1	paired
SRS408867	GTEX.RWS6.0001.SM.3NMAL.1	paired
SRS389939	GTEX.S32W.0004.SM.2XCE9.1	paired
SRS389677	GTEX.S32W.0006.SM.2XCAK.1	paired
SRS389359	GTEX.S4Q7.0006.SM.3K2AT.1	paired
SRS389017	GTEX.S7SE.0005.SM.2XCEA.1	paired
SRS389718	GTEX.S7SF.0001.SM.3K2BE.1	paired
SRS408473	GTEX.T6MN.0002.SM.3NMAH.1	paired
SRS524762	GTEX.TSE9.0005.SM.4DXUF.1	paired
SRS408820	GTEX.UPIC.0002.SM.3NMDC.1	paired
SRS408198	GTEX.VUSG.0003.SM.3NMDK.1	paired
SRS648739	GTEX.WXYG.0004.SM.4MVOS.1	paired
SRS648449	GTEX.X4EO.0004.SM.4QARM.1	paired
SRS524335	GTEX.X4XY.0006.SM.46MV2.1	paired
SRS525293	GTEX.X5EB.0004.SM.46MWA.1	paired
SRS524656	GTEX.X638.0005.SM.47JX6.1	paired
SRS525360	GTEX.XBEW.0002.SM.4AT5O.1	paired
SRS1036235	GTEX.XLM4.0004.SM.5S2TF.1	paired
SRS526663	GTEX.XMD3.0006.SM.4AT5X.1	paired
SRS526628	GTEX.XOT4.0005.SM.4B64S.1	paired
SRS528005	GTEX.XUYS.0002.SM.47JXL.1	paired
SRS1037976	GTEX.XXEK.0004.SM.5S2TO.1	paired
SRS526093	GTEX.XYKS.0002.SM.4BRWN.1	paired
SRS649748	GTEX.Y3IK.0005.SM.4WWDE.1	paired
SRS625698	GTEX.Y5V5.0001.SM.4V6FZ.1	paired
SRS639451	GTEX.Y9LG.0001.SM.4VBRQ.1	paired
SRS644170	GTEX.YB5K.0003.SM.4VDSN.1	paired
SRS648339	GTEX.ZP4G.0003.SM.4WWED.1	paired
SRS644690	GTEX.ZPU1.0004.SM.4WWAV.1	paired
SRS644764	GTEX.ZQUD.0003.SM.4YCD3.1	paired
SRS636698	GTEX.ZV7C.0003.SM.4YCF6.1	paired
SRS627356	GTEX.ZVT2.0005.SM.57WBW.1	paired
SRS634554	GTEX.ZVZP.0004.SM.51MS8.1	paired
SRS645958	GTEX.ZXES.0005.SM.57WCB.1	paired
SRS639506	GTEX.11DXY.1126.SM.5987W.1	paired
SRS625436	GTEX.11DYG.1226.SM.5N9DC.1	paired
SRS644141	GTEX.11EM3.0526.SM.5H12N.1	paired
SRS624000	GTEX.11EM3.2226.SM.5H11Y.1	paired
SRS629617	GTEX.11GS4.0326.SM.5N9F7.1	paired
SRS636073	GTEX.11I78.0726.SM.5A5M1.1	paired
SRS639202	GTEX.11I78.1026.SM.5HL74.1	paired
SRS644524	GTEX.11TT1.1526.SM.5EQKU.1	paired
SRS637846	GTEX.11UD2.0826.SM.5EQKS.1	paired
SRS630104	GTEX.11ZTS.1026.SM.5LU8O.1	paired
SRS643851	GTEX.11ZVC.2926.SM.5986H.1	paired
SRS648651	GTEX.1211K.0326.SM.5FQT1.1	paired
SRS626182	GTEX.12696.2726.SM.5FQUL.1	paired
SRS639175	GTEX.12WSK.0726.SM.5LZUV.1	paired
SRS649526	GTEX.131XG.0826.SM.5LZVS.1	paired
SRS648713	GTEX.131XG.2226.SM.5DUXS.1	paired
SRS629464	GTEX.131XW.2226.SM.5PNY1.1	paired
SRS627951	GTEX.133LE.0226.SM.5PNY3.1	paired
SRS638075	GTEX.1399R.0626.SM.5K7UZ.1	paired
SRS629857	GTEX.1399T.2626.SM.5L3E4.1	paired
SRS627163	GTEX.139D8.1226.SM.5L3ED.1	paired
SRS644392	GTEX.139TU.1126.SM.5J1NY.1	paired
SRS648588	GTEX.13D11.2726.SM.5K7V7.1	paired
SRS645834	GTEX.13N11.2926.SM.5K7VD.1	paired
SRS627691	GTEX.13NZ9.0826.SM.5J1NI.1	paired
SRS637847	GTEX.13QIC.1626.SM.5K7TZ.1	paired
SRS648307	GTEX.13S86.0526.SM.5QGPZ.1	paired
SRS645889	GTEX.13VXU.1926.SM.5LU5J.1	paired
SRS629483	GTEX.13W3W.0626.SM.5LU45.1	paired
SRS630107	GTEX.13X6J.1326.SM.5QGOV.1	paired
SRS644515	GTEX.13X6K.1926.SM.5LU4O.1	paired
SRS644454	GTEX.14DAQ.1326.SM.5RQIM.1	paired
SRS408909	GTEX.NPJ7.1326.SM.3MJHO.1	paired
SRS408181	GTEX.O5YV.0426.SM.3LK66.1	paired
SRS408795	GTEX.O5YW.3026.SM.3MJHI.1	paired
SRS408497	GTEX.P4PQ.0426.SM.3NMCI.1	paired
SRS408758	GTEX.P4QS.0426.SM.3NMCQ.1	paired
SRS374964	GTEX.POMQ.2126.SM.2S1OJ.1	paired
SRS526134	GTEX.PSDG.0826.SM.48TCZ.1	paired
SRS524826	GTEX.PSDG.1026.SM.48TCV.1	paired
SRS374790	GTEX.PW2O.1926.SM.2S1OB.1	paired
SRS374714	GTEX.Q2AH.2026.SM.2S1PX.1	paired
SRS374689	GTEX.Q2AI.1726.SM.2S1PZ.1	paired
SRS526595	GTEX.QCQG.1526.SM.48U25.1	paired
SRS374770	GTEX.QCQG.1926.SM.2S1PI.1	paired
SRS626619	GTEX.QLQ7.0326.SM.4R1JV.1	paired
SRS374772	GTEX.QV31.1626.SM.2S1QC.1	paired
SRS526561	GTEX.QVJO.0526.SM.447CE.1	paired
SRS374695	GTEX.QVJO.1726.SM.2S1R3.1	paired
SRS525349	GTEX.R53T.0726.SM.48FCS.1	paired
SRS524662	GTEX.R55G.0426.SM.48FDH.1	paired
SRS374903	GTEX.REY6.0726.SM.2TF4M.1	paired
SRS374823	GTEX.RM2N.1826.SM.2TF5B.1	paired
SRS374709	GTEX.RTLS.0426.SM.2TF5K.1	paired
SRS374694	GTEX.RU1J.1926.SM.2TF6S.1	paired
SRS524554	GTEX.RU72.0226.SM.46MUD.1	paired
SRS526007	GTEX.RUSQ.0426.SM.47JWR.1	paired
SRS375002	GTEX.RVPV.0226.SM.2TF6W.1	paired
SRS524653	GTEX.SE5C.0426.SM.4BRUI.1	paired
SRS389611	GTEX.U8XE.0626.SM.3DB8U.1	paired
SRS525095	GTEX.U8XE.1026.SM.4E3HM.1	paired
SRS525281	GTEX.UPIC.0326.SM.4IHJ9.1	paired
SRS524688	GTEX.V1D1.0326.SM.4JBIY.1	paired
SRS525212	GTEX.VJYA.0226.SM.4KL1Q.1	paired
SRS1035202	GTEX.VUSG.2826.SM.5S2RZ.1	paired
SRS525966	GTEX.WH7G.0626.SM.4LVMO.1	paired
SRS636708	GTEX.WHPG.0726.SM.4M1XX.1	paired
SRS408471	GTEX.WL46.0526.SM.3LK7W.1	paired
SRS526015	GTEX.WRHU.1326.SM.4E3K7.1	paired
SRS408635	GTEX.WYBS.0426.SM.3NM9M.1	paired
SRS645832	GTEX.X261.0526.SM.4PQYS.1	paired
SRS526139	GTEX.XGQ4.0626.SM.4AT56.1	paired
SRS524848	GTEX.XQ8I.1326.SM.4BOPV.1	paired
SRS524221	GTEX.XV7Q.0526.SM.4BRWR.1	paired
SRS650118	GTEX.Y114.2726.SM.4TT9B.1	paired
SRS648413	GTEX.Y5V5.0426.SM.4VBPU.1	paired
SRS626623	GTEX.YEC3.0326.SM.5IFJJ.1	paired
SRS635356	GTEX.YJ8O.0126.SM.5QGRG.1	paired
SRS627821	GTEX.ZAB4.0526.SM.5HL7Z.1	paired
SRS648250	GTEX.ZAJG.1226.SM.5S2MH.1	paired
SRS639437	GTEX.ZAK1.1226.SM.5Q5AA.1	paired
SRS639274	GTEX.ZDTT.0226.SM.4WKHM.1	paired
SRS645727	GTEX.ZDYS.1626.SM.4WKGB.1	paired
SRS629558	GTEX.ZF2S.2426.SM.5DUXV.1	paired
SRS631399	GTEX.ZGAY.0426.SM.4WWAM.1	paired
SRS648489	GTEX.ZPU1.0526.SM.4YCDA.1	paired
SRS627133	GTEX.ZTPG.0726.SM.5DUXP.1	paired
SRS649649	GTEX.ZUA1.0426.SM.5NQAF.1	paired
SRS630006	GTEX.ZVT3.0426.SM.5GIDW.1	paired
SRS648866	GTEX.ZVZP.0126.SM.5NQ6Q.1	paired
SRS336664	K.562.SM.2I5EP.1	paired
SRS410270	K.562.SM.3NMAP.1	paired
SRS536142	K.562.SM.4BONS.1	paired
SRS524541	K.562.SM.4JBIQ.1	paired
SRS639211	K.562.SM.5N9DX.1	paired
SRS644057	GTEX.1128S.2826.SM.5N9DI.1	paired
SRS624019	GTEX.11DZ1.2926.SM.5A5KI.1	paired
SRS648928	GTEX.11EI6.2926.SM.5985U.1	paired
SRS624020	GTEX.11GS4.3126.SM.5A5LH.1	paired
SRS627162	GTEX.11GSO.2926.SM.5HL73.1	paired
SRS639174	GTEX.11GSP.0011.R10a.SM.5NQ7J.1	paired
SRS629760	GTEX.11GSP.0011.R11b.SM.5NQ7V.1	paired
SRS644542	GTEX.11GSP.0011.R5a.SM.57WBE.1	paired
SRS648266	GTEX.11GSP.0011.R9b.SM.5NQ77.1	paired
SRS627441	GTEX.11GSP.3126.SM.5A5LL.1	paired
SRS626838	GTEX.11OF3.2926.SM.5HL78.1	paired
SRS623961	GTEX.11ONC.0011.R9b.SM.5NQ8J.1	paired
SRS631427	GTEX.11TTK.2826.SM.5GU5K.1	paired
SRS648354	GTEX.11TUW.0011.R5b.SM.5BC6Q.1	paired
SRS645856	GTEX.11TUW.3126.SM.5GU4Y.1	paired
SRS644733	GTEX.11UD1.0011.R3a.SM.5BC6S.1	paired
SRS627165	GTEX.11UD1.0011.R5b.SM.5P9FP.1	paired
SRS650187	GTEX.11WQC.0011.R10a.SM.57WCT.1	paired
SRS644385	GTEX.11WQC.0011.R11b.SM.57WD6.1	paired
SRS629937	GTEX.11WQK.0011.R10a.SM.5BC6R.1	paired
SRS637922	GTEX.11ZUS.0011.R9b.SM.5BC76.1	paired
SRS637655	GTEX.11ZVC.0011.R9a.SM.57WC5.1	paired
SRS637912	GTEX.12126.0926.SM.5FQTW.1	paired
SRS627901	GTEX.1269C.0011.R4b.SM.5P9ES.1	paired
SRS650079	GTEX.12WS9.0011.R2a.SM.5CVNE.1	paired
SRS627456	GTEX.12WS9.0011.R3a.SM.5CVNF.1	paired
SRS637623	GTEX.12WS9.0011.R4b.SM.5P9EU.1	paired
SRS634862	GTEX.12WS9.0011.R5b.SM.5P9EV.1	paired
SRS639449	GTEX.12WSC.0011.R5b.SM.5CVNS.1	paired
SRS627188	GTEX.12WSD.0011.R4b.SM.5LZUA.1	paired
SRS643868	GTEX.12WSD.0011.R9a.SM.5GU6W.1	paired
SRS625226	GTEX.12WSF.0011.R2a.SM.5DUVU.1	paired
SRS639292	GTEX.12WSF.0011.R4b.SM.5HL88.1	paired
SRS637293	GTEX.12WSH.0011.R11a.SM.5LZVM.1	paired
SRS649767	GTEX.12WSH.0011.R1a.SM.5GU5V.1	paired
SRS638128	GTEX.12WSM.0011.R11a.SM.5DUX8.1	paired
SRS624039	GTEX.12WSM.0011.R5a.SM.5EQ4Y.1	paired
SRS630563	GTEX.12ZZX.0011.R11a.SM.5DUVJ.1	paired
SRS646051	GTEX.12ZZX.0011.R2a.SM.5EGLG.1	paired
SRS639242	GTEX.12ZZY.0011.R6b.SM.5EGLA.1	paired
SRS627064	GTEX.12ZZZ.0011.R7b.SM.5EGLE.1	paired
SRS629621	GTEX.1313W.0011.R10b.SM.5DUXA.1	paired
SRS639521	GTEX.1313W.0011.R2a.SM.5EGLF.1	paired
SRS639178	GTEX.1313W.0011.R5b.SM.5L3EP.1	paired
SRS625590	GTEX.1313W.0011.R7b.SM.5DUWL.1	paired
SRS644043	GTEX.1313W.3126.SM.5LZUI.1	paired
SRS636368	GTEX.131XH.0011.R10a.SM.5EGLJ.1	paired
SRS648755	GTEX.131XH.0011.R11a.SM.5EGLN.1	paired
SRS645703	GTEX.131XW.0011.R11a.SM.5DUV9.1	paired
SRS648330	GTEX.131XW.0011.R8a.SM.5DUWY.1	paired
SRS624988	GTEX.131XW.3126.SM.5LZUC.1	paired
SRS627700	GTEX.131YS.0011.R10b.SM.5EQ5N.1	paired
SRS645696	GTEX.131YS.0011.R11b.SM.5EGLM.1	paired
SRS650086	GTEX.131YS.0011.R4a.SM.5DUVL.1	paired
SRS625608	GTEX.131YS.0011.R9b.SM.5EQLY.1	paired
SRS649743	GTEX.131YS.3126.SM.5KLYT.1	paired
SRS648311	GTEX.132Q8.0011.R8b.SM.5DUWX.1	paired
SRS639540	GTEX.132Q8.2926.SM.5IFFP.1	paired
SRS629437	GTEX.139T4.0011.R9b.SM.5HL6S.1	paired
SRS637717	GTEX.139T8.0011.R3b.SM.5HL4R.1	paired
SRS648700	GTEX.139TS.0011.R7a.SM.5K7X7.1	paired
SRS644644	GTEX.139TT.0011.R7b.SM.5J2MN.1	paired
SRS625635	GTEX.139UC.0011.R4a.SM.5K7XM.1	paired
SRS648683	GTEX.139UC.0011.R7a.SM.5IJCV.1	paired
SRS636117	GTEX.139UC.0011.R9a.SM.5K7W7.1	paired
SRS637033	GTEX.139UC.3126.SM.5J1OY.1	paired
SRS625561	GTEX.13CF2.0011.R7b.SM.5K7UV.1	paired
SRS627726	GTEX.13CIG.0011.R3b.SM.5K7XF.1	paired
SRS648443	GTEX.13CZV.0011.R11b.SM.5N9FN.1	paired
SRS646041	GTEX.13CZV.0011.R4b.SM.5J2NY.1	paired
SRS644067	GTEX.13FHO.0011.R3b.SM.5K7YA.1	paired
SRS649590	GTEX.13FHP.0011.R11b.SM.5LZXP.1	paired
SRS631296	GTEX.13FHP.0011.R6b.SM.5LZY6.1	paired
SRS644028	GTEX.13FHP.2926.SM.5IJG9.1	paired
SRS628409	GTEX.13FLV.0011.R9b.SM.5L3DA.1	paired
SRS645714	GTEX.13FLW.1426.SM.5K7YE.1	paired
SRS630105	GTEX.13FXS.0011.R1a.SM.5K7U6.1	paired
SRS627818	GTEX.13FXS.0011.R7a.SM.5L3FC.1	paired
SRS648386	GTEX.13FXS.3126.SM.5J2NN.1	paired
SRS645928	GTEX.13IVO.0011.R11b.SM.5LZXQ.1	paired
SRS634452	GTEX.13IVO.0011.R3b.SM.5IJBJ.1	paired
SRS646014	GTEX.13IVO.0011.R6b.SM.5K7X9.1	paired
SRS625399	GTEX.13JUV.0011.R1a.SM.5LZY4.1	paired
SRS648490	GTEX.13JUV.0011.R5a.SM.5LZY5.1	paired
SRS629859	GTEX.13JUV.0011.R7b.SM.5LZZG.1	paired
SRS627715	GTEX.13JVG.0011.R10b.SM.5KM2P.1	paired
SRS648843	GTEX.13N1W.0011.R1b.SM.5MR4T.1	paired
SRS650069	GTEX.13N1W.0011.R3a.SM.5MR5E.1	paired
SRS631769	GTEX.13N1W.0011.R5b.SM.5MR5Q.1	paired
SRS644584	GTEX.13N1W.0011.R6a.SM.5MR43.1	paired
SRS625189	GTEX.13N1W.0011.R8a.SM.5MR56.1	paired
SRS639459	GTEX.13N2G.0011.R2a.SM.5MR4Q.1	paired
SRS638559	GTEX.13N2G.0011.R5a.SM.5MR33.1	paired
SRS644653	GTEX.13N2G.0011.R6b.SM.5MR3P.1	paired
SRS639185	GTEX.13N2G.0011.R9b.SM.5MR4E.1	paired
SRS634793	GTEX.13NYB.0011.R1b.SM.5KM4F.1	paired
SRS629712	GTEX.13NYS.0011.R4b.SM.5MR3O.1	paired
SRS644652	GTEX.13NYS.0011.R9b.SM.5MR44.1	paired
SRS636264	GTEX.13NZ8.0011.R1b.SM.5KM3V.1	paired
SRS631758	GTEX.13O1R.0011.R9b.SM.5KM33.1	paired
SRS644217	GTEX.13O3O.0011.R10a.SM.5LUA9.1	paired
SRS639444	GTEX.13O3O.0011.R4b.SM.5KM3F.1	paired
SRS629841	GTEX.13O3O.0011.R5b.SM.5KM44.1	paired
SRS639508	GTEX.13O3O.0011.R7b.SM.5P9GZ.1	paired
SRS637298	GTEX.13O3O.3026.SM.5KM42.1	paired
SRS639196	GTEX.13O3Q.0011.R2b.SM.5KM3K.1	paired
SRS624521	GTEX.13O3Q.0011.R7a.SM.5KM38.1	paired
SRS638066	GTEX.13OVH.0011.R11b.SM.5KM4X.1	paired
SRS644621	GTEX.13OVH.0011.R6b.SM.5LUAX.1	paired
SRS649634	GTEX.13OVJ.0011.R10b.SM.5L3HT.1	paired
SRS625687	GTEX.13OVJ.0011.R1b.SM.5L3I6.1	paired
SRS648468	GTEX.13OVJ.0011.R6b.SM.5L3GH.1	paired
SRS629270	GTEX.13OVJ.0011.R8b.SM.5L3FS.1	paired
SRS630053	GTEX.13OVJ.2726.SM.5IJG6.1	paired
SRS637805	GTEX.13OVL.3026.SM.5IJF1.1	paired
SRS627396	GTEX.13OW5.0011.R8a.SM.5L3GQ.1	paired
SRS638064	GTEX.13OW5.3126.SM.5MR3Y.1	paired
SRS644438	GTEX.13OW6.0011.R10a.SM.5L3HE.1	paired
SRS649684	GTEX.13OW6.0011.R11a.SM.5L3H2.1	paired
SRS649703	GTEX.13OW6.0011.R4a.SM.5O9DX.1	paired
SRS629474	GTEX.13OW7.0011.R11a.SM.5O9DY.1	paired
SRS644396	GTEX.13OW8.0011.R1a.SM.5L3HI.1	paired
SRS625191	GTEX.13OW8.0011.R5b.SM.5L3FQ.1	paired
SRS629287	GTEX.13OW8.2926.SM.5L3FV.1	paired
SRS631772	GTEX.13PL6.0011.R6a.SM.5O9C5.1	paired
SRS631486	GTEX.13PL6.0011.R9b.SM.5O9CH.1	paired
SRS635175	GTEX.13PLJ.0011.R3a.SM.5O9DT.1	paired
SRS625232	GTEX.13PVQ.0011.R3b.SM.5O9D6.1	paired
SRS643957	GTEX.13QIC.0011.R10a.SM.5O9C7.1	paired
SRS643854	GTEX.13QIC.0011.R11b.SM.5O9BU.1	paired
SRS629306	GTEX.13QIC.0011.R1a.SM.5O9CJ.1	paired
SRS644018	GTEX.13QIC.0011.R3a.SM.5P9HT.1	paired
SRS629529	GTEX.13QIC.0011.R4a.SM.5PNX8.1	paired
SRS629601	GTEX.13QIC.0011.R8b.SM.5O9CV.1	paired
SRS636364	GTEX.13QJC.0011.R1b.SM.5S2UU.1	paired
SRS629970	GTEX.13QJC.0011.R2b.SM.5PNUN.1	paired
SRS629499	GTEX.13QJC.0011.R6a.SM.5S2VI.1	paired
SRS638304	GTEX.13QJC.0011.R7b.SM.5PNUM.1	paired
SRS638098	GTEX.13RTJ.0011.R1a.SM.5O9D9.1	paired
SRS634352	GTEX.13RTJ.3126.SM.5S2Q4.1	paired
SRS630092	GTEX.13RTL.0011.R1a.SM.5PNZ8.1	paired
SRS625628	GTEX.13S7M.0011.R11b.SM.5P9HU.1	paired
SRS648249	GTEX.13S7M.0011.R1b.SM.5PNZE.1	paired
SRS630080	GTEX.13S7M.0011.R5b.SM.5P9HS.1	paired
SRS625684	GTEX.13S7M.0011.R6b.SM.5O9D8.1	paired
SRS625715	GTEX.13S7M.0011.R9a.SM.5O9DW.1	paired
SRS629661	GTEX.13SLW.0011.R11a.SM.5SI8Q.1	paired
SRS637275	GTEX.13SLW.0011.R4b.SM.5S2W2.1	paired
SRS644119	GTEX.13SLW.0011.R8b.SM.5SI64.1	paired
SRS631348	GTEX.13SLX.0011.R4a.SM.5O9BJ.1	paired
SRS648666	GTEX.13SLX.0011.R8b.SM.5PNWZ.1	paired
SRS649674	GTEX.13SLX.0011.R9b.SM.5SI6X.1	paired
SRS648570	GTEX.13VXU.0011.R6a.SM.5SI71.1	paired
SRS636078	GTEX.13X6I.0011.R10a.SM.5PNWI.1	paired
SRS639345	GTEX.13X6I.0011.R2b.SM.5PNWQ.1	paired
SRS650177	GTEX.13X6I.0011.R4b.SM.5PNU9.1	paired
SRS629405	GTEX.13X6J.0011.R8b.SM.5PNUA.1	paired
SRS626224	GTEX.13X6K.0011.R10a.SM.5P9JR.1	paired
SRS627774	GTEX.13X6K.0011.R4b.SM.5P9HO.1	paired
SRS637677	GTEX.13X6K.0011.R6a.SM.5P9K6.1	paired
SRS637867	GTEX.13X6K.0011.R7b.SM.5P9K7.1	paired
SRS643989	GTEX.13X6K.0011.R8b.SM.5PNZ4.1	paired
SRS635380	GTEX.13X6K.2826.SM.5O9DS.1	paired
SRS627823	GTEX.13X6K.2926.SM.5Q5D5.1	paired
SRS644129	GTEX.1445S.0011.R2b.SM.5PNUH.1	paired
SRS650184	GTEX.1445S.0011.R4a.SM.5PNWN.1	paired
SRS635148	GTEX.1445S.0011.R8a.SM.5PNWX.1	paired
SRS629632	GTEX.144GL.0011.R1a.SM.5PNZ5.1	paired
SRS648620	GTEX.144GL.3026.SM.5Q5CW.1	paired
SRS625703	GTEX.145LS.0011.R1b.SM.5PNUP.1	paired
SRS646033	GTEX.145LS.0011.R2a.SM.5PNZI.1	paired
SRS639562	GTEX.145LS.0011.R3a.SM.5S2VJ.1	paired
SRS634141	GTEX.145LS.0011.R6b.SM.5PNWL.1	paired
SRS626820	GTEX.145LS.0011.R8b.SM.5PNXA.1	paired
SRS625200	GTEX.145LU.0011.R8b.SM.5PNZG.1	paired
SRS627581	GTEX.145LU.0011.R9b.SM.5SI66.1	paired
SRS649560	GTEX.145MG.3026.SM.5RQJA.1	paired
SRS627877	GTEX.145MH.0011.R6a.SM.5PNZ7.1	paired
SRS627099	GTEX.145MH.0011.R7a.SM.5PNWH.1	paired
SRS633744	GTEX.145MH.2926.SM.5Q5D2.1	paired
SRS624991	GTEX.145MI.0011.R3b.SM.5PNWK.1	paired
SRS625496	GTEX.145MI.0011.R4b.SM.5PNZH.1	paired
SRS644639	GTEX.145MI.0011.R5a.SM.5Q5B4.1	paired
SRS635167	GTEX.145MI.0011.R7b.SM.5Q5AZ.1	paired
SRS645955	GTEX.14753.0011.R10b.SM.5S2WE.1	paired
SRS639434	GTEX.14753.0011.R5a.SM.5S2VW.1	paired
SRS648551	GTEX.147GR.0011.R2b.SM.5S2RQ.1	paired
SRS638384	GTEX.147GR.0011.R7a.SM.5S2RP.1	paired
SRS625003	GTEX.147GR.3026.SM.5S2ML.1	paired
SRS627093	GTEX.14A5I.2926.SM.5Q5CQ.1	paired
SRS625613	GTEX.14ABY.0011.R9a.SM.5PNZK.1	paired
SRS625201	GTEX.14ASI.0011.R10b.SM.5S2VZ.1	paired
SRS625465	GTEX.14ASI.0011.R1b.SM.5S2TY.1	paired
SRS646004	GTEX.14BIL.0011.R9a.SM.5SI7A.1	paired
SRS648481	GTEX.14BIM.3126.SM.5Q5C7.1	paired
SRS629961	GTEX.14BIN.0011.R10a.SM.5S2UA.1	paired
SRS648849	GTEX.14BIN.0011.R7b.SM.5S2RI.1	paired
SRS630100	GTEX.14BIN.0011.R9a.SM.5SI76.1	paired
SRS635315	GTEX.14BIN.3326.SM.5Q5E6.1	paired
SRS648736	GTEX.14E7W.2926.SM.5S2R8.1	paired
SRS333045	GTEX.N7MS.0011.R11A.SM.2HMJS.1	paired
SRS333427	GTEX.N7MS.0011.R2a.SM.2HML6.1	paired
SRS333036	GTEX.N7MS.0011.R3a.SM.2HMKD.1	paired
SRS333604	GTEX.N7MS.0011.R5a.SM.2HMK8.1	paired
SRS333307	GTEX.N7MS.0011.R6a.SM.2HMJ4.1	paired
SRS374935	GTEX.N7MS.0011.R8a.SM.2YUMK.1	paired
SRS333043	GTEX.N7MT.0011.R10A.SM.2I3E1.1	paired
SRS333008	GTEX.N7MT.0011.R11A.SM.2I3DZ.1	paired
SRS333541	GTEX.N7MT.0011.R2a.SM.2I3GI.1	paired
SRS333123	GTEX.N7MT.0011.R3a.SM.2I3GC.1	paired
SRS333429	GTEX.N7MT.0011.R6a.SM.2I3G3.1	paired
SRS333577	GTEX.N7MT.0011.R7a.SM.2I3FZ.1	paired
SRS635161	GTEX.N7MT.1126.SM.5SI7V.1	paired
SRS377738	GTEX.N7MT.1226.SM.26GMC.1	paired
SRS377766	GTEX.N7MT.1226.SM.26GMT.1	paired
SRS374911	GTEX.N7MT.1226.SM.2TC6K.1	paired
SRS333405	GTEX.NL3H.0011.R11A.SM.2I3E6.1	paired
SRS333382	GTEX.NL3H.0011.R2a.SM.2I3GG.1	paired
SRS333087	GTEX.NL3H.0011.R3a.SM.2I3GL.1	paired
SRS333380	GTEX.NL3H.0011.R4a.SM.2I3GK.1	paired
SRS333055	GTEX.NL3H.0011.R6a.SM.2I3G8.1	paired
SRS636254	GTEX.NL3H.0011.R8a.SM.5S2VF.1	paired
SRS333545	GTEX.NL4W.0011.R8a.SM.2I3G4.1	paired
SRS333098	GTEX.NL4W.0011.R9a.SM.2I3G1.1	paired
SRS332951	GTEX.NPJ7.0011.R5a.SM.2I5GY.1	paired
SRS333472	GTEX.NPJ7.0011.R6a.SM.2I3G7.1	paired
SRS374720	GTEX.NPJ7.0011.R9a.SM.2TC5R.1	paired
SRS333250	GTEX.NPJ8.0011.R1a.SM.2HMLC.1	paired
SRS374728	GTEX.NPJ8.0011.R2a.SM.2TC6M.1	paired
SRS332930	GTEX.NPJ8.0011.R4a.SM.2HML3.1	paired
SRS333367	GTEX.NPJ8.2626.SM.2D7W2.1	paired
SRS627444	GTEX.OHPN.0011.R10A.SM.5S2U3.1	paired
SRS333468	GTEX.OHPN.0011.R1A.SM.2I5GB.1	paired
SRS333059	GTEX.OHPN.0011.R3A.SM.2I5FC.1	paired
SRS333243	GTEX.OHPN.0011.R4A.SM.2I5FD.1	paired
SRS333422	GTEX.OHPN.0011.R5A.SM.2I5FF.1	paired
SRS332962	GTEX.OHPN.0011.R7A.SM.2I5FI.1	single
SRS333402	GTEX.OHPN.0011.R8A.SM.2I5FJ.1	paired
SRS408705	GTEX.OHPN.0011.R8A.SM.33HBT.1	paired
SRS374701	GTEX.OHPN.0011.R9A.SM.2YUMN.1	paired
SRS333121	GTEX.P44G.0011.R11A.SM.2I3FD.1	paired
SRS333022	GTEX.P44G.0011.R3A.SM.2I3FC.1	paired
SRS333625	GTEX.P44G.0011.R4A.SM.2I3FB.1	paired
SRS389880	GTEX.P44G.0011.R6A.SM.2XCD3.1	paired
SRS333110	GTEX.PWO3.0011.R1A.SM.2I5EW.1	paired
SRS374971	GTEX.PWO3.0011.R2A.SM.2S1OX.1	paired
SRS333207	GTEX.PWO3.0011.R3A.SM.2I5EX.1	paired
SRS333191	GTEX.PWO3.0011.R5A.SM.2I5EZ.1	single
SRS333584	GTEX.PWO3.0011.R6A.SM.2I5F3.1	paired
SRS333557	GTEX.PWO3.1026.SM.2I5F2.1	paired
SRS333277	GTEX.Q2AG.0011.R11A.SM.2HMKZ.1	paired
SRS333162	GTEX.Q2AG.0011.R2A.SM.2HMIT.1	paired
SRS333291	GTEX.Q2AG.0011.R3A.SM.2HMJ9.1	paired
SRS332942	GTEX.Q2AG.0011.R4A.SM.2HMKA.1	paired
SRS332955	GTEX.Q2AG.0011.R6A.SM.2HML7.1	paired
SRS332997	GTEX.Q2AG.0011.R7A.SM.2HMJP.1	paired
SRS333379	GTEX.Q2AG.2926.SM.2HMJ3.1	paired
SRS389795	GTEX.QDT8.0011.R11A.SM.32PKD.1	paired
SRS389760	GTEX.QDT8.0011.R2A.SM.32PKQ.1	paired
SRS389596	GTEX.QDT8.0011.R3A.SM.32PKR.1	paired
SRS389818	GTEX.QDT8.0011.R6A.SM.32PKI.1	paired
SRS389646	GTEX.QDT8.0011.R7A.SM.32PKF.1	paired
SRS649657	GTEX.QDT8.0011.R9A.SM.5SI8J.1	paired
SRS390015	GTEX.QDT8.2926.SM.32PKC.1	paired
SRS389062	GTEX.QDT8.3026.SM.32PKB.1	paired
SRS374904	GTEX.QVJO.0011.R1A.SM.2S1QI.1	paired
SRS374951	GTEX.QVJO.0011.R4A.SM.2S1QL.1	paired
SRS374715	GTEX.QVJO.0011.R5A.SM.2S1QM.1	paired
SRS524697	GTEX.QVJO.0011.R8A.SM.447C7.1	paired
SRS374717	GTEX.QVJO.0011.R9A.SM.2S1QH.1	paired
SRS374737	GTEX.QVJO.1426.SM.2S1QY.1	paired
SRS389103	GTEX.QVUS.0011.R10A.SM.3GIK3.1	paired
SRS389856	GTEX.QVUS.0011.R1A.SM.3GAD2.1	paired
SRS389040	GTEX.QVUS.0011.R3A.SM.3GAFD.1	paired
SRS389135	GTEX.QVUS.0011.R6A.SM.3GACX.1	paired
SRS389928	GTEX.QVUS.0011.R8A.SM.3GAD7.1	paired
SRS374825	GTEX.R55E.0011.R4A.SM.2TC5H.1	paired
SRS374777	GTEX.R55E.0011.R5A.SM.2TC5N.1	paired
SRS374868	GTEX.R55E.0011.R7A.SM.2TC5Z.1	paired
SRS374788	GTEX.R55E.0011.R9A.SM.2TC6C.1	paired
SRS374836	GTEX.R55F.0011.R8A.SM.2TF4F.1	paired
SRS374905	GTEX.R55F.1326.SM.2TF5F.1	paired
SRS374843	GTEX.RNOR.0011.R3A.SM.2TF5J.1	paired
SRS389086	GTEX.RNOR.0011.R4A.SM.3GAD3.1	paired
SRS374768	GTEX.RNOR.0011.R5A.SM.2TF4J.1	paired
SRS374907	GTEX.RNOR.2326.SM.2TF4I.1	paired
SRS374705	GTEX.RU72.0011.R10A.SM.2TF6D.1	paired
SRS374712	GTEX.RU72.0011.R2A.SM.2TF6O.1	paired
SRS374821	GTEX.RU72.0011.R8A.SM.2TF61.1	paired
SRS374906	GTEX.RU72.2926.SM.2TF66.1	paired
SRS389933	GTEX.RVPU.0011.R3A.SM.2XCAE.1	paired
SRS629864	GTEX.RVPU.0011.R4A.SM.5SI8K.1	paired
SRS389595	GTEX.RVPU.0011.R5A.SM.2XCAD.1	paired
SRS374771	GTEX.RVPU.0011.R8A.SM.2TF74.1	paired
SRS408881	GTEX.RVPU.0011.R9A.SM.3NM8E.1	paired
SRS389800	GTEX.S7SE.0011.R10A.SM.2XCDF.1	paired
SRS389636	GTEX.S7SE.0011.R1A.SM.2XCDE.1	paired
SRS389935	GTEX.S7SE.0011.R2A.SM.2XCDC.1	paired
SRS389848	GTEX.S7SE.0011.R8A.SM.2XCDG.1	paired
SRS389773	GTEX.T2IS.0011.R2A.SM.32QPF.1	paired
SRS389518	GTEX.T2IS.0011.R6A.SM.32QP2.1	paired
SRS389758	GTEX.T2IS.3026.SM.32QPM.1	paired
SRS1036278	GTEX.T5JC.0011.R10A.SM.5S2TK.1	paired
SRS408355	GTEX.T5JC.2426.SM.3NMDB.1	paired
SRS389539	GTEX.T6MN.0011.R2A.SM.32QOW.1	paired
SRS389778	GTEX.T6MN.0011.R8A.SM.32QP3.1	paired
SRS389893	GTEX.T6MN.0011.R9A.SM.32QOZ.1	paired
SRS389544	GTEX.TSE9.0011.R10A.SM.3DB7O.1	paired
SRS389975	GTEX.TSE9.0011.R5A.SM.3DB7J.1	paired
SRS389616	GTEX.TSE9.0011.R8A.SM.3DB7R.1	paired
SRS389824	GTEX.TSE9.3026.SM.3DB76.1	paired
SRS389922	GTEX.UTHO.0011.R2A.SM.3GIKC.1	paired
SRS389787	GTEX.UTHO.0011.R3A.SM.3GIK8.1	paired
SRS408851	GTEX.UTHO.2926.SM.3P5Z9.1	paired
SRS408851	GTEX.UTHO.2926.SM.3P5Z9.2	paired
SRS408851	GTEX.UTHO.2926.SM.3P5Z9.3	paired
SRS408664	GTEX.WHSE.0011.R1A.SM.3P5ZK.1	paired
SRS408664	GTEX.WHSE.0011.R1A.SM.3P5ZK.2	paired
SRS408664	GTEX.WHSE.0011.R1A.SM.3P5ZK.3	paired
SRS408695	GTEX.WHSE.0011.R7A.SM.3P5YZ.1	paired
SRS408695	GTEX.WHSE.0011.R7A.SM.3P5YZ.2	paired
SRS408695	GTEX.WHSE.0011.R7A.SM.3P5YZ.3	paired
SRS408658	GTEX.WL46.0011.R7A.SM.3LK7X.1	paired
SRS408678	GTEX.WL46.0011.R9A.SM.3MJFP.1	paired
SRS408637	GTEX.WL46.2826.SM.3LK81.1	paired
SRS408492	GTEX.WVLH.0011.R10A.SM.3MJFM.1	paired
SRS634360	GTEX.WVLH.0011.R1A.SM.4MVOK.1	paired
SRS408712	GTEX.WVLH.0011.R5A.SM.3MJFW.1	paired
SRS408915	GTEX.WWYW.0011.R11A.SM.3NB38.1	paired
SRS408666	GTEX.WWYW.0011.R1A.SM.3TW8G.1	paired
SRS408756	GTEX.WWYW.0011.R7A.SM.3NB3H.1	paired
SRS408837	GTEX.WWYW.0011.R8A.SM.3NB3S.1	paired
SRS408281	GTEX.WWYW.3126.SM.3NB39.1	paired
SRS524900	GTEX.WZTO.0011.R10B.SM.4E3KB.1	paired
SRS524290	GTEX.WZTO.0011.R6B.SM.4E3J6.1	paired
SRS408827	GTEX.WZTO.2926.SM.3NM9I.1	paired
SRS649619	GTEX.X4EP.0011.R10B.SM.4QASJ.1	paired
SRS644428	GTEX.X4EP.0011.R11B.SM.4QASK.1	paired
SRS408292	GTEX.X4EP.0011.R1A.SM.3P624.1	paired
SRS408292	GTEX.X4EP.0011.R1A.SM.3P624.2	paired
SRS408292	GTEX.X4EP.0011.R1A.SM.3P624.3	paired
SRS408886	GTEX.X4EP.0011.R2B.SM.3P625.1	paired
SRS408886	GTEX.X4EP.0011.R2B.SM.3P625.2	paired
SRS408886	GTEX.X4EP.0011.R2B.SM.3P625.3	paired
SRS408660	GTEX.X4EP.0011.R3A.SM.3P626.1	paired
SRS408781	GTEX.X4EP.0011.R4B.SM.3P627.1	paired
SRS629969	GTEX.X4EP.0011.R7B.SM.4PQZW.1	paired
SRS644670	GTEX.X4EP.0011.R8B.SM.4QASL.1	paired
SRS631483	GTEX.X4EP.0011.R9B.SM.4QASI.1	paired
SRS408309	GTEX.X4EP.3026.SM.3P5YP.1	paired
SRS408309	GTEX.X4EP.3026.SM.3P5YP.2	paired
SRS408309	GTEX.X4EP.3026.SM.3P5YP.3	paired
SRS524927	GTEX.X4XX.0011.R10B.SM.46MWO.1	paired
SRS408677	GTEX.X4XX.0011.R1B.SM.3P622.1	paired
SRS408677	GTEX.X4XX.0011.R1B.SM.3P622.2	paired
SRS408677	GTEX.X4XX.0011.R1B.SM.3P622.3	paired
SRS408661	GTEX.X4XX.0011.R2A.SM.3P623.1	paired
SRS408661	GTEX.X4XX.0011.R2A.SM.3P623.2	paired
SRS408661	GTEX.X4XX.0011.R2A.SM.3P623.3	paired
SRS526002	GTEX.X4XX.0011.R4B.SM.46MWL.1	paired
SRS524973	GTEX.X4XX.0011.R5A.SM.46MWN.1	paired
SRS524517	GTEX.X4XX.0011.R6B.SM.46MWP.1	paired
SRS526135	GTEX.X4XX.0011.R7A.SM.46MWR.1	paired
SRS524725	GTEX.X4XX.0011.R8B.SM.46MWM.1	paired
SRS524577	GTEX.X4XY.0011.R10B.SM.46MWS.1	paired
SRS525086	GTEX.X585.0011.R1B.SM.46MVE.1	paired
SRS524993	GTEX.X585.0011.R6A.SM.46MVJ.1	paired
SRS526615	GTEX.XLM4.0011.R3B.SM.4AT6E.1	paired
SRS524589	GTEX.XLM4.0011.R4B.SM.4AT5C.1	paired
SRS524478	GTEX.XOTO.0011.R5A.SM.4B657.1	paired
SRS648222	GTEX.Y8DK.0011.R5B.SM.4RTW6.1	paired
SRS645847	GTEX.YFC4.0011.R2a.SM.4V6DZ.1	paired
SRS648240	GTEX.YFC4.0011.R7b.SM.4V6E2.1	paired
SRS625706	GTEX.YFC4.0011.R9a.SM.4SOK4.1	paired
SRS648372	GTEX.YFC4.3126.SM.5PNV6.1	paired
SRS650139	GTEX.YJ89.0011.R2b.SM.4RGLT.1	paired
SRS636057	GTEX.Z93S.0011.R2a.SM.4RGNG.1	paired
SRS639352	GTEX.Z93S.2926.SM.57WB9.1	paired
SRS639544	GTEX.ZAB4.0011.R3a.SM.4RGNQ.1	paired
SRS626617	GTEX.ZAB4.2926.SM.57WCV.1	paired
SRS639350	GTEX.ZDXO.0011.R3a.SM.4WKFS.1	paired
SRS648279	GTEX.ZDXO.0011.R6a.SM.4WWCT.1	paired
SRS627760	GTEX.ZE7O.0011.R11a.SM.57WBC.1	paired
SRS644578	GTEX.ZE7O.0011.R1a.SM.57WDM.1	paired
SRS650166	GTEX.ZE7O.0011.R6a.SM.57WCI.1	paired
SRS644376	GTEX.ZF28.0011.R11a.SM.4WWEI.1	paired
SRS631340	GTEX.ZF28.0011.R7a.SM.4WKF5.1	paired
SRS627937	GTEX.ZUA1.0011.R10a.SM.51MT6.1	paired
SRS634878	GTEX.ZUA1.0011.R3a.SM.4YCEE.1	paired
SRS644407	GTEX.ZUA1.0011.R5b.SM.51MTG.1	paired
SRS646048	GTEX.ZV68.0011.R2a.SM.4YCDK.1	paired
SRS636699	GTEX.ZV68.0011.R5a.SM.4YCDW.1	paired
SRS644577	GTEX.ZV68.0011.R6a.SM.51MSR.1	paired
SRS637986	GTEX.ZVT3.0011.R11b.SM.57WBI.1	paired
SRS633738	GTEX.ZVT3.0011.R7a.SM.57WCO.1	paired
SRS636575	GTEX.ZVT3.3026.SM.5E43N.1	paired
SRS645785	GTEX.ZVZQ.0011.R10b.SM.51MRT.1	paired
SRS650089	GTEX.ZVZQ.0011.R11a.SM.51MS6.1	paired
SRS649455	GTEX.ZVZQ.0011.R1a.SM.57WBU.1	paired
SRS627529	GTEX.ZVZQ.0011.R3a.SM.57WC7.1	paired
SRS638243	GTEX.ZVZQ.0011.R4b.SM.57WCZ.1	paired
SRS637287	GTEX.ZVZQ.0011.R8a.SM.51MR5.1	paired
SRS639452	GTEX.ZYFD.3026.SM.5E44C.1	paired
SRS649723	GTEX.11DXW.0626.SM.5N9ER.1	paired
SRS636146	GTEX.11LCK.2426.SM.5HL5F.1	paired
SRS634783	GTEX.11P81.1926.SM.5BC53.1	paired
SRS627812	GTEX.11TUW.1826.SM.5BC5D.1	paired
SRS627803	GTEX.1314G.1226.SM.5BC6D.1	paired
SRS627530	GTEX.131XW.0726.SM.5EGK3.1	paired
SRS629227	GTEX.131YS.0626.SM.5EGKL.1	paired
SRS649733	GTEX.13CF2.2026.SM.5K7VI.1	paired
SRS638061	GTEX.13D11.1026.SM.5IJFB.1	paired
SRS645800	GTEX.13O3P.0826.SM.5L3DH.1	paired
SRS645886	GTEX.14753.2426.SM.5LU8U.1	paired
SRS526037	GTEX.QVJO.1826.SM.447C9.1	paired
SRS525216	GTEX.R55D.0826.SM.48FEA.1	paired
SRS524534	GTEX.REY6.2426.SM.48FF5.1	paired
SRS628815	GTEX.RU1J.0626.SM.4WAWY.1	paired
SRS524893	GTEX.S33H.0326.SM.4AD6N.1	paired
SRS389115	GTEX.T6MO.0326.SM.32QOK.1	paired
SRS524614	GTEX.U3ZN.1926.SM.4DXSG.1	paired
SRS408421	GTEX.WRHU.0326.SM.3MJFY.1	paired
SRS524523	GTEX.X4XY.0926.SM.4E3JD.1	paired
SRS645992	GTEX.XMD2.0926.SM.4WWEF.1	paired
SRS644544	GTEX.Y114.2026.SM.4TT7L.1	paired
SRS644015	GTEX.YJ8O.2226.SM.5IFHW.1	paired
SRS644195	GTEX.ZDTT.2126.SM.5S2O7.1	paired
SRS648491	GTEX.ZF2S.2026.SM.5E461.1	paired
SRS639542	GTEX.ZT9W.2026.SM.51MRA.1	paired
SRS634545	GTEX.ZVT4.1026.SM.57WC4.1	paired
SRS646047	GTEX.ZVTK.0326.SM.51MRR.1	paired
SRS639392	GTEX.ZVZQ.0826.SM.51MRF.1	paired
SRS629778	GTEX.ZY6K.1626.SM.5GZWV.1	paired
SRS526065	GTEX.S32W.1526.SM.4AD6Z.1	paired
SRS526010	GTEX.S32W.1626.SM.4AD6G.1	paired
SRS525104	GTEX.S341.1126.SM.4AD6T.1	paired
SRS526147	GTEX.S341.1326.SM.4AD72.1	paired
SRS525151	GTEX.S4UY.1426.SM.4AD6Y.1	paired
SRS524469	GTEX.T5JW.0726.SM.4DM6D.1	paired
SRS524570	GTEX.T6MO.1426.SM.4DM73.1	paired
SRS628385	GTEX.TML8.0726.SM.4DXTT.1	paired
SRS525181	GTEX.TSE9.2726.SM.4DXSQ.1	paired
SRS526072	GTEX.TSE9.2826.SM.4DXTF.1	paired
SRS526092	GTEX.U3ZN.1626.SM.4DXTZ.1	paired
SRS648825	GTEX.111CU.1426.SM.5GZYP.1	paired
SRS626603	GTEX.1122O.1426.SM.5H11R.1	paired
SRS634450	GTEX.117YX.0526.SM.5EGJH.1	paired
SRS624005	GTEX.117YX.0826.SM.5H11J.1	paired
SRS627185	GTEX.11EQ9.1526.SM.5PNY7.1	paired
SRS645873	GTEX.11GS4.1826.SM.5HL4T.1	paired
SRS639517	GTEX.11ILO.2026.SM.5N9CQ.1	paired
SRS638551	GTEX.11ONC.1926.SM.5GU75.1	paired
SRS623973	GTEX.11P81.1126.SM.5GU5G.1	paired
SRS639324	GTEX.11TUW.2326.SM.5EQMO.1	paired
SRS636149	GTEX.11VI4.1526.SM.5EQKC.1	paired
SRS637734	GTEX.11ZU8.1126.SM.5EQ5K.1	paired
SRS648702	GTEX.1211K.1826.SM.5EGJ2.1	paired
SRS644506	GTEX.12696.1926.SM.5EGJT.1	paired
SRS645711	GTEX.12WSD.2626.SM.5EGJE.1	paired
SRS636235	GTEX.12ZZW.2426.SM.5DUWE.1	paired
SRS645794	GTEX.13113.1426.SM.5EGHU.1	paired
SRS627758	GTEX.133LE.1526.SM.5IFEN.1	paired
SRS650087	GTEX.1399R.2226.SM.5P9JB.1	paired
SRS624085	GTEX.139T6.1426.SM.5P9J7.1	paired
SRS648196	GTEX.139UW.2326.SM.5KM1Y.1	paired
SRS629567	GTEX.13D11.0626.SM.5LZYY.1	paired
SRS633791	GTEX.13FH7.1626.SM.5J2O9.1	paired
SRS650153	GTEX.13FHP.2426.SM.5KLZ5.1	paired
SRS648408	GTEX.13O61.1626.SM.5KM3T.1	paired
SRS648118	GTEX.13OVI.2026.SM.5J1MU.1	paired
SRS636071	GTEX.13OVI.2126.SM.5KM3U.1	paired
SRS637877	GTEX.13OVJ.1826.SM.5KM2D.1	paired
SRS627302	GTEX.13PVQ.2726.SM.5L3H7.1	paired
SRS644570	GTEX.13PVR.1726.SM.5Q5EC.1	paired
SRS627935	GTEX.144GN.1126.SM.5LU33.1	paired
SRS625328	GTEX.148VJ.2426.SM.5NQ9Y.1	paired
SRS627948	GTEX.14E6E.1726.SM.5S2R6.1	paired
SRS408724	GTEX.OHPM.1426.SM.3TW8Y.1	paired
SRS408436	GTEX.P78B.1726.SM.3P5ZV.1	paired
SRS524248	GTEX.PWN1.1426.SM.48TDF.1	paired
SRS526121	GTEX.PX3G.1426.SM.48U1J.1	paired
SRS526178	GTEX.Q2AI.0926.SM.48U1F.1	paired
SRS524916	GTEX.QDVN.1326.SM.48TZ3.1	paired
SRS525328	GTEX.R55G.1226.SM.48FDC.1	paired
SRS525202	GTEX.S341.1426.SM.4AD6U.1	paired
SRS526661	GTEX.S4UY.0826.SM.4AD4Z.1	paired
SRS525023	GTEX.SNMC.1126.SM.4DM5M.1	paired
SRS524842	GTEX.T5JW.1126.SM.4DM5V.1	paired
SRS525994	GTEX.U3ZM.1126.SM.4DXUB.1	paired
SRS534951	GTEX.U3ZN.2126.SM.4DXU1.1	paired
SRS524503	GTEX.UPIC.1726.SM.4IHKG.1	paired
SRS524844	GTEX.WFG8.1726.SM.4LVM6.1	paired
SRS526149	GTEX.WFON.1426.SM.4LVMT.1	paired
SRS524387	GTEX.XMK1.1726.SM.4B64Z.1	paired
SRS525313	GTEX.XPVG.1826.SM.4B64X.1	paired
SRS525355	GTEX.XV7Q.2226.SM.4BRVY.1	paired
SRS627180	GTEX.YECK.2826.SM.5IFHF.1	paired
SRS629766	GTEX.ZAJG.2626.SM.5S2NU.1	paired
SRS629356	GTEX.ZF2S.1826.SM.4WKFF.1	paired
SRS638540	GTEX.ZPIC.2226.SM.57WDX.1	paired
SRS627071	GTEX.ZQG8.2426.SM.57WEE.1	paired
SRS627694	GTEX.ZVT2.1726.SM.51MRO.1	paired
SRS645780	GTEX.ZVZQ.2626.SM.59HLB.1	paired
SRS649610	GTEX.1122O.1726.SM.5GICM.1	paired
SRS648366	GTEX.113JC.1026.SM.5H117.1	paired
SRS629719	GTEX.117YW.1926.SM.5H121.1	paired
SRS623860	GTEX.11DXY.1326.SM.5987Z.1	paired
SRS625205	GTEX.11EI6.1526.SM.5P9GL.1	paired
SRS623923	GTEX.11I78.1626.SM.5A5M2.1	paired
SRS631286	GTEX.11LCK.1526.SM.5HL64.1	paired
SRS650116	GTEX.11UD2.1526.SM.5EQLQ.1	paired
SRS625006	GTEX.11XUK.0826.SM.5GU6P.1	paired
SRS643903	GTEX.11XUK.0926.SM.5EQL3.1	paired
SRS644504	GTEX.11ZUS.0926.SM.5FQSY.1	paired
SRS648560	GTEX.12696.1526.SM.5EGL6.1	paired
SRS624042	GTEX.13111.0826.SM.5LZV3.1	paired
SRS644450	GTEX.13113.1026.SM.5LZWM.1	paired
SRS645695	GTEX.133LE.0726.SM.5P9IZ.1	paired
SRS628339	GTEX.1399U.1226.SM.5K7XT.1	paired
SRS627779	GTEX.13CF3.1526.SM.5J2NB.1	paired
SRS624519	GTEX.13D11.1826.SM.5J2NM.1	paired
SRS644557	GTEX.13FLV.1326.SM.5L3EJ.1	paired
SRS639310	GTEX.13OVI.2626.SM.5KM4T.1	paired
SRS626195	GTEX.13OVJ.1326.SM.5K7Z9.1	paired
SRS646057	GTEX.13OW8.2426.SM.5L3ID.1	paired
SRS644184	GTEX.13PL7.0526.SM.5J2MQ.1	paired
SRS644214	GTEX.13PVQ.1826.SM.5L3GU.1	paired
SRS639425	GTEX.13PVR.1826.SM.5Q5CC.1	paired
SRS644560	GTEX.13RTK.0426.SM.5RQHT.1	paired
SRS631329	GTEX.13VXU.1126.SM.5LU3U.1	paired
SRS648619	GTEX.13W3W.1826.SM.5IJDE.1	paired
SRS645768	GTEX.13X6H.1526.SM.5Q5E2.1	paired
SRS625550	GTEX.146FH.1926.SM.5Q5B2.1	paired
SRS637899	GTEX.148VI.1226.SM.5RQJR.1	paired
SRS631318	GTEX.1497J.2726.SM.5SI9W.1	paired
SRS628425	GTEX.14A5H.1826.SM.5NQAB.1	paired
SRS630561	GTEX.14BMU.0926.SM.5S2QB.1	paired
SRS648384	GTEX.14ICL.0526.SM.5RQJ6.1	paired
SRS408457	GTEX.N7MS.1126.SM.3LK5E.1	paired
SRS408452	GTEX.OHPJ.1326.SM.3MJHG.1	paired
SRS524460	GTEX.PSDG.1426.SM.48TD1.1	paired
SRS524843	GTEX.PWCY.0726.SM.48TCS.1	paired
SRS524627	GTEX.PX3G.0726.SM.48TZT.1	paired
SRS524661	GTEX.QLQ7.1026.SM.447BB.1	paired
SRS524495	GTEX.QXCU.1126.SM.48FE5.1	paired
SRS526713	GTEX.REY6.1326.SM.48FDO.1	paired
SRS524586	GTEX.RNOR.1226.SM.48FDQ.1	paired
SRS525201	GTEX.RU72.0826.SM.46MUS.1	paired
SRS524666	GTEX.RUSQ.0926.SM.47JWU.1	paired
SRS524549	GTEX.RVPV.0526.SM.47JYL.1	paired
SRS524894	GTEX.RWS6.0726.SM.47JXI.1	paired
SRS525182	GTEX.S4P3.0526.SM.4AD58.1	paired
SRS524584	GTEX.S4Q7.0526.SM.4AD5N.1	paired
SRS524696	GTEX.SUCS.0726.SM.4DM7J.1	paired
SRS524970	GTEX.T2IS.0926.SM.4DM5B.1	paired
SRS534957	GTEX.TMMY.1126.SM.4DXSX.1	paired
SRS524981	GTEX.U4B1.0926.SM.4DXUV.1	paired
SRS524983	GTEX.UJMC.0926.SM.4IHLK.1	paired
SRS524677	GTEX.VJYA.0726.SM.4KL1T.1	paired
SRS524636	GTEX.WFG8.1026.SM.4LVMZ.1	paired
SRS525195	GTEX.WFJO.0726.SM.4LVM8.1	paired
SRS526702	GTEX.WH7G.0926.SM.4LVMJ.1	paired
SRS628416	GTEX.WHSE.1426.SM.4M1XG.1	paired
SRS629552	GTEX.WOFM.0626.SM.4OOS3.1	paired
SRS648621	GTEX.WY7C.0826.SM.4ONCG.1	paired
SRS629822	GTEX.WYVS.0726.SM.4ONDO.1	paired
SRS626248	GTEX.X15G.1026.SM.4PQZF.1	paired
SRS524822	GTEX.X585.1226.SM.46MW7.1	paired
SRS524479	GTEX.XK95.1026.SM.4GIDV.1	paired
SRS524944	GTEX.XPVG.1426.SM.4B668.1	paired
SRS526242	GTEX.XQ3S.1026.SM.4BOPJ.1	paired
SRS528006	GTEX.XUJ4.1026.SM.4BOPB.1	paired
SRS526587	GTEX.XUJ4.1126.SM.4BOPC.1	paired
SRS524979	GTEX.XUZC.0326.SM.4BOO8.1	paired
SRS645786	GTEX.YB5E.1026.SM.5IFI2.1	paired
SRS644189	GTEX.YB5K.0626.SM.5LUB5.1	paired
SRS633715	GTEX.YEC3.1926.SM.4WWF5.1	paired
SRS629865	GTEX.YFCO.0526.SM.4W1ZJ.1	paired
SRS644628	GTEX.ZAB5.1226.SM.5P9FY.1	paired
SRS648594	GTEX.ZAK1.1826.SM.5HL93.1	paired
SRS648586	GTEX.ZC5H.1326.SM.5HL7E.1	paired
SRS629610	GTEX.ZF29.1326.SM.4WWB6.1	paired
SRS636112	GTEX.ZF2S.1326.SM.4WWAZ.1	paired
SRS626197	GTEX.ZGAY.1526.SM.4WWEO.1	paired
SRS649672	GTEX.ZP4G.0926.SM.4WWF4.1	paired
SRS644482	GTEX.ZP4G.1126.SM.4WWCI.1	paired
SRS631487	GTEX.ZPCL.1226.SM.4WWFF.1	paired
SRS629554	GTEX.ZT9W.1426.SM.4YCD2.1	paired
SRS644110	GTEX.ZTPG.1626.SM.5DUX2.1	paired
SRS644699	GTEX.ZVT2.1326.SM.5E45H.1	paired
SRS644052	GTEX.ZYFG.1126.SM.5GICY.1	paired
SRS408352	GTEX.OHPK.2326.SM.3MJH2.1	paired
SRS524540	GTEX.S32W.1326.SM.4AD5Q.1	paired
SRS524803	GTEX.S341.0826.SM.4AD73.1	paired
SRS526660	GTEX.SE5C.0926.SM.4BRUF.1	paired
SRS524855	GTEX.T5JW.0326.SM.4DM6J.1	paired
SRS524423	GTEX.T6MO.1026.SM.4DM72.1	paired
SRS524311	GTEX.U3ZN.1126.SM.4DXUL.1	paired
SRS631466	GTEX.1117F.0726.SM.5GIEN.1	paired
SRS626265	GTEX.1122O.0826.SM.5GICV.1	paired
SRS645993	GTEX.11DXX.0326.SM.5PNWC.1	paired
SRS630103	GTEX.11EQ8.1326.SM.5EGJQ.1	paired
SRS634798	GTEX.11ZVC.0526.SM.5N9G1.1	paired
SRS627528	GTEX.12WSA.1126.SM.5EGKU.1	paired
SRS635406	GTEX.12WSI.0426.SM.5EQ5J.1	paired
SRS624497	GTEX.131XG.0626.SM.5GCMP.1	paired
SRS634359	GTEX.132AR.1926.SM.5EGK5.1	paired
SRS639403	GTEX.132QS.0526.SM.5IJC7.1	paired
SRS645978	GTEX.1399S.0826.SM.5KM23.1	paired
SRS628791	GTEX.13D11.1526.SM.5J2NA.1	paired
SRS644516	GTEX.13N1W.0926.SM.5MR36.1	paired
SRS636707	GTEX.13NYB.0326.SM.5IJDP.1	paired
SRS649622	GTEX.13NYS.1926.SM.5IJCB.1	paired
SRS634844	GTEX.13NZA.0826.SM.5K7WS.1	paired
SRS648316	GTEX.13NZB.0426.SM.5KM26.1	paired
SRS649746	GTEX.13OW7.1626.SM.5IJDH.1	paired
SRS637736	GTEX.13S86.0326.SM.5SI6K.1	paired
SRS644201	GTEX.13U4I.0626.SM.5LU5L.1	paired
SRS648758	GTEX.13VXT.0726.SM.5SIAD.1	paired
SRS644167	GTEX.145LS.1326.SM.5Q5EP.1	paired
SRS625588	GTEX.145MN.0726.SM.5NQBH.1	paired
SRS644472	GTEX.146FH.1026.SM.5RQIF.1	paired
SRS627077	GTEX.147F4.1226.SM.5NQAY.1	paired
SRS627420	GTEX.148VI.0326.SM.5RQK7.1	paired
SRS333278	GTEX.NPJ8.0426.SM.2HMK6.1	paired
SRS625634	GTEX.OOBJ.0326.SM.5SI84.1	paired
SRS333356	GTEX.OXRK.0826.SM.2HMK7.1	paired
SRS333420	GTEX.P4PP.0326.SM.2HML9.1	paired
SRS333572	GTEX.P4QS.0326.SM.2I3EU.1	paired
SRS333602	GTEX.PLZ5.0626.SM.2I5F8.1	paired
SRS333474	GTEX.POMQ.0326.SM.2I5FO.1	paired
SRS389073	GTEX.PVOW.0426.SM.2XCF8.1	paired
SRS333526	GTEX.PWCY.0526.SM.2I3ER.1	paired
SRS333051	GTEX.QMRM.0526.SM.2I5GA.1	single
SRS374908	GTEX.RUSQ.0526.SM.2TF72.1	paired
SRS389517	GTEX.U3ZN.1426.SM.3DB87.1	paired
SRS389134	GTEX.UJHI.0426.SM.3DB8Y.1	paired
SRS389822	GTEX.V955.0726.SM.3GAFG.1	paired
SRS643968	GTEX.V955.0826.SM.5SI82.1	paired
SRS389976	GTEX.WEY5.0426.SM.3GIKT.1	paired
SRS408350	GTEX.WHSE.0926.SM.3NMBS.1	paired
SRS408380	GTEX.WYBS.1226.SM.3NM9N.1	paired
SRS627922	GTEX.X261.1426.SM.4PQZ1.1	paired
SRS408207	GTEX.X3Y1.0426.SM.3P5Z4.1	paired
SRS408207	GTEX.X3Y1.0426.SM.3P5Z4.2	paired
SRS408207	GTEX.X3Y1.0426.SM.3P5Z4.3	paired
SRS524962	GTEX.X8HC.1626.SM.46MWE.1	paired
SRS1036429	GTEX.XXEK.0926.SM.5S2T8.1	paired
SRS629599	GTEX.Y114.0226.SM.4TT8W.1	paired
SRS648313	GTEX.Y5V6.0826.SM.4VBRU.1	paired
SRS648111	GTEX.YFC4.0426.SM.4TT3J.1	paired
SRS638259	GTEX.Z93S.0326.SM.5HL84.1	paired
SRS643932	GTEX.ZAB4.0926.SM.5CVN4.1	paired
SRS635401	GTEX.ZAB5.0226.SM.5CVMH.1	paired
SRS631394	GTEX.ZAJG.0826.SM.5PNVA.1	paired
SRS649451	GTEX.ZAJG.0926.SM.5Q5AB.1	paired
SRS645867	GTEX.ZF29.0426.SM.4WKFN.1	paired
SRS646065	GTEX.ZVZQ.0726.SM.51MR3.1	paired
SRS629512	GTEX.ZYFG.0526.SM.5GZXX.1	paired
SRS636088	GTEX.ZZPU.1126.SM.5N9CW.1	paired
SRS648365	GTEX.11GS4.2326.SM.5A5KS.1	paired
SRS644537	GTEX.11OF3.1326.SM.5N9FJ.1	paired
SRS648186	GTEX.11TTK.1926.SM.5PNW8.1	paired
SRS644001	GTEX.12696.0926.SM.5FQTV.1	paired
SRS634305	GTEX.12WSG.0826.SM.5EQ5A.1	paired
SRS626848	GTEX.13112.2126.SM.5GCO4.1	paired
SRS649559	GTEX.1399S.0526.SM.5IJG8.1	paired
SRS634805	GTEX.13NYB.1726.SM.5N9G2.1	paired
SRS624987	GTEX.13OVI.1126.SM.5KLZF.1	paired
SRS627875	GTEX.13OVL.1826.SM.5KLZR.1	paired
SRS626190	GTEX.13OW6.1826.SM.5N9F9.1	paired
SRS625327	GTEX.147F4.2626.SM.5Q5CS.1	paired
SRS645741	GTEX.1497J.0826.SM.5NQAJ.1	paired
SRS408255	GTEX.N7MS.1626.SM.3LK5F.1	paired
SRS408907	GTEX.NPJ8.2226.SM.3TW8D.1	paired
SRS408258	GTEX.P4QS.1126.SM.3NMD5.1	paired
SRS527998	GTEX.QDVN.1626.SM.48TZC.1	paired
SRS525140	GTEX.RN64.1626.SM.48FD7.1	paired
SRS524330	GTEX.T5JC.1526.SM.4DM68.1	paired
SRS524938	GTEX.UPIC.1126.SM.4IHLO.1	paired
SRS644205	GTEX.WI4N.2026.SM.4OOS7.1	paired
SRS649773	GTEX.Y5V6.2026.SM.5IFHO.1	paired
SRS645919	GTEX.ZC5H.1726.SM.5HL7X.1	paired
SRS630058	GTEX.ZDXO.0226.SM.4WKH7.1	paired
SRS637657	GTEX.ZE9C.1426.SM.4WKGM.1	paired
SRS643981	GTEX.ZLFU.0926.SM.5P9F8.1	paired
SRS644128	GTEX.ZYFG.1626.SM.5GZYY.1	paired
SRS624047	GTEX.11GSP.0626.SM.5986T.1	paired
SRS623952	GTEX.11TT1.1726.SM.5EQLJ.1	paired
SRS634153	GTEX.11ZVC.0726.SM.5FQT9.1	paired
SRS650178	GTEX.12WSM.0726.SM.5GCOW.1	paired
SRS627397	GTEX.13113.1326.SM.5GCOI.1	paired
SRS637625	GTEX.139UC.1426.SM.5IJGH.1	paired
SRS639143	GTEX.13FTW.1126.SM.5J2NV.1	paired
SRS625207	GTEX.13O1R.2026.SM.5KM3N.1	paired
SRS629221	GTEX.13OVJ.1026.SM.5IFGI.1	paired
SRS638031	GTEX.13VXU.0926.SM.5IFFH.1	paired
SRS624515	GTEX.146FH.1526.SM.5NQBU.1	paired
SRS625638	GTEX.147F4.1426.SM.5LUA8.1	paired
SRS638120	GTEX.14AS3.0126.SM.5Q5F4.1	paired
SRS627856	GTEX.14DAQ.1726.SM.5S2R2.1	paired
SRS526710	GTEX.PWOO.0826.SM.48TCL.1	paired
SRS628435	GTEX.QV44.0326.SM.4R1KD.1	paired
SRS524324	GTEX.R53T.0326.SM.48FEC.1	paired
SRS524992	GTEX.S4Z8.0526.SM.4AD4T.1	paired
SRS534953	GTEX.TKQ2.1726.SM.4DXUP.1	paired
SRS526004	GTEX.VUSG.0126.SM.4KL1X.1	paired
SRS629424	GTEX.WYVS.1926.SM.4SOIC.1	paired
SRS524515	GTEX.X4XY.1626.SM.46MVN.1	paired
SRS525377	GTEX.XXEK.1126.SM.4BRUX.1	paired
SRS644414	GTEX.Y5LM.0426.SM.4VBRO.1	paired
SRS645880	GTEX.Y5V5.0926.SM.4VBPZ.1	paired
SRS644155	GTEX.YFC4.1526.SM.5IFJS.1	paired
SRS648771	GTEX.ZAB4.0826.SM.5LU9D.1	paired
SRS645869	GTEX.ZTPG.1426.SM.51MT3.1	paired
SRS634799	GTEX.ZYT6.0626.SM.5E45V.1	paired
SRS629380	GTEX.ZYY3.0626.SM.5NQ6W.1	paired
SRS623978	GTEX.111YS.0626.SM.5GZXV.1	paired
SRS623969	GTEX.11I78.0126.SM.5HL6F.1	paired
SRS631281	GTEX.11NV4.1126.SM.5HL6J.1	paired
SRS644207	GTEX.11ZTS.1226.SM.5EQMQ.1	paired
SRS636686	GTEX.12WSD.0826.SM.5GCNE.1	paired
SRS631256	GTEX.13113.0426.SM.5GCOD.1	paired
SRS645709	GTEX.139TT.0726.SM.5K7XW.1	paired
SRS648919	GTEX.13FHP.0726.SM.5K7YI.1	paired
SRS644076	GTEX.13O61.0726.SM.5J2MD.1	paired
SRS639375	GTEX.13OVJ.0726.SM.5KM1W.1	paired
SRS649669	GTEX.148VI.0226.SM.5RQKA.1	paired
SRS644521	GTEX.NL3G.0526.SM.4RTWW.1	paired
SRS333263	GTEX.O5YV.0526.SM.2D7VZ.1	paired
SRS333310	GTEX.OHPJ.1026.SM.2HMLE.1	paired
SRS333328	GTEX.P4PP.0526.SM.2HMKE.1	paired
SRS333638	GTEX.P4QS.0526.SM.2I3ET.1	paired
SRS333574	GTEX.PLZ5.0726.SM.2I5F9.1	paired
SRS332976	GTEX.Q2AG.1026.SM.2HMJX.1	paired
SRS333027	GTEX.QDVN.0726.SM.2I3FO.1	paired
SRS389859	GTEX.SUCS.0626.SM.32PM5.1	paired
SRS389877	GTEX.T2IS.0526.SM.32QP9.1	paired
SRS1037841	GTEX.T6MN.0826.SM.5S2SK.1	paired
SRS524320	GTEX.TML8.0326.SM.4GICN.1	paired
SRS629887	GTEX.TMMY.0926.SM.4TT1Z.1	paired
SRS389904	GTEX.U8T8.2226.SM.3DB95.1	paired
SRS637907	GTEX.WH7G.0726.SM.5EGIX.1	paired
SRS1037000	GTEX.XXEK.0626.SM.5S2SZ.1	paired
SRS629275	GTEX.YECK.0926.SM.4W214.1	paired
SRS646086	GTEX.ZTPG.0926.SM.5O99H.1	paired
SRS648756	GTEX.ZYWO.0826.SM.5E45W.1	paired
SRS637863	GTEX.11GSO.2526.SM.5PNVX.1	paired
SRS627120	GTEX.12KS4.0826.SM.5BC5R.1	paired
SRS646016	GTEX.1399S.2726.SM.5KM22.1	paired
SRS638317	GTEX.139TU.0526.SM.5J2M8.1	paired
SRS650162	GTEX.13FTX.2026.SM.5L3D6.1	paired
SRS645765	GTEX.13FXS.0326.SM.5K7TV.1	paired
SRS637970	GTEX.13NZ8.2126.SM.5L3EO.1	paired
SRS627704	GTEX.13OVI.1726.SM.5L3DW.1	paired
SRS636360	GTEX.13OW5.0326.SM.5L3HK.1	paired
SRS639213	GTEX.13QBU.2426.SM.5LU4L.1	paired
SRS631786	GTEX.145MH.0326.SM.5LU8H.1	paired
SRS634125	GTEX.14ASI.0526.SM.5QGQP.1	paired
SRS374769	GTEX.N7MS.0426.SM.2YUN6.1	paired
SRS333537	GTEX.OHPL.1626.SM.2HMIR.1	paired
SRS374899	GTEX.P4QT.1626.SM.2S1NP.1	paired
SRS374749	GTEX.PLZ4.0926.SM.2S1OI.1	paired
SRS374732	GTEX.PLZ6.1526.SM.2S1OC.1	paired
SRS389371	GTEX.QDT8.0526.SM.32PL5.1	paired
SRS374725	GTEX.QV44.2026.SM.2S1RD.1	paired
SRS374898	GTEX.RM2N.1626.SM.2TF5N.1	paired
SRS374692	GTEX.RTLS.0526.SM.2TF64.1	paired
SRS389889	GTEX.S4UY.0526.SM.3K2AN.1	paired
SRS389911	GTEX.T6MN.0526.SM.32PMS.1	paired
SRS408385	GTEX.WYVS.2326.SM.3NMAI.1	paired
SRS408235	GTEX.X4EO.0526.SM.3P5Z3.1	paired
SRS408235	GTEX.X4EO.0526.SM.3P5Z3.2	paired
SRS408235	GTEX.X4EO.0526.SM.3P5Z3.3	paired
SRS526141	GTEX.XGQ4.2326.SM.4AT53.1	paired
SRS648862	GTEX.ZA64.2026.SM.5PNXT.1	paired
SRS638314	GTEX.ZF28.0526.SM.4WKGW.1	paired
SRS638175	GTEX.ZQG8.1226.SM.51MRX.1	paired
SRS634101	GTEX.ZV68.0526.SM.59HKI.1	paired
SRS645755	GTEX.11DXW.0426.SM.5H12E.1	paired
SRS644771	GTEX.11EQ9.2326.SM.5HL5H.1	paired
SRS645797	GTEX.11P81.2626.SM.5GU6T.1	paired
SRS646060	GTEX.12126.0626.SM.5Q5AQ.1	paired
SRS644036	GTEX.12WSB.0426.SM.5BC6H.1	paired
SRS627140	GTEX.12WSG.2726.SM.5EQ5M.1	paired
SRS627436	GTEX.12ZZY.0426.SM.5LZW3.1	paired
SRS639421	GTEX.131XH.2526.SM.5GCND.1	paired
SRS625611	GTEX.131YS.0326.SM.5PNYW.1	paired
SRS629958	GTEX.13JVG.0526.SM.5IJBN.1	paired
SRS648144	GTEX.13S7M.0426.SM.5S2US.1	paired
SRS645916	GTEX.13SLX.0126.SM.5S2MM.1	paired
SRS629664	GTEX.14BIM.0426.SM.5SI9N.1	paired
SRS374713	GTEX.NPJ8.1726.SM.2YUNB.1	paired
SRS389364	GTEX.PVOW.0626.SM.2XCF6.1	paired
SRS526059	GTEX.PWCY.2126.SM.48TEC.1	paired
SRS374880	GTEX.QCQG.2026.SM.2S1PH.1	paired
SRS389535	GTEX.QDT8.0326.SM.32PL1.1	paired
SRS375005	GTEX.QLQW.1426.SM.2S1QU.1	paired
SRS374981	GTEX.R55E.0426.SM.2TC65.1	paired
SRS374910	GTEX.REY6.0626.SM.2TF4G.1	paired
SRS389913	GTEX.S4Z8.1926.SM.3K2AR.1	paired
SRS389852	GTEX.S95S.1526.SM.2XCDH.1	paired
SRS389022	GTEX.T6MO.2026.SM.33HB4.1	paired
SRS408372	GTEX.WYVS.2426.SM.3NMA9.1	paired
SRS524506	GTEX.XPT6.2126.SM.4B66P.1	paired
SRS639360	GTEX.Y114.2626.SM.4TT8Y.1	paired
SRS643953	GTEX.Y5V5.2626.SM.5IFJM.1	paired
SRS648647	GTEX.ZYT6.1426.SM.5E43U.1	paired
SRS634857	GTEX.ZYWO.2726.SM.5NQ6N.1	paired
SRS629939	GTEX.11XUK.1626.SM.5GU5O.1	paired
SRS629577	GTEX.1399S.2126.SM.5J2MH.1	paired
SRS526621	GTEX.XUW1.0126.SM.4BOOQ.1	paired
SRS631481	GTEX.ZLWG.0926.SM.4WWC3.1	paired
SRS625420	GTEX.11LCK.0226.SM.5A5M6.1	paired
SRS626215	GTEX.11VI4.0426.SM.5EGHZ.1	paired
SRS627074	GTEX.1211K.1126.SM.5EGGB.1	paired
SRS649761	GTEX.131XG.1426.SM.5GCMO.1	paired
SRS648629	GTEX.13N11.0226.SM.5KM3C.1	paired
SRS625733	GTEX.13O61.2126.SM.5IJEO.1	paired
SRS625463	GTEX.13VXT.1226.SM.5LU3M.1	paired
SRS639297	GTEX.144GN.0826.SM.5LU5G.1	paired
SRS639318	GTEX.146FR.0126.SM.5Q5F3.1	paired
SRS631402	GTEX.14AS3.0326.SM.5Q5DB.1	paired
SRS408172	GTEX.OOBJ.1026.SM.3NB2L.1	paired
SRS408929	GTEX.P4PP.1026.SM.3NM9O.1	paired
SRS524804	GTEX.QEL4.1326.SM.447AD.1	paired
SRS625650	GTEX.QV44.0426.SM.4R1KF.1	paired
SRS1036280	GTEX.S32W.0826.SM.5S2SI.1	paired
SRS525141	GTEX.S33H.1226.SM.4AD69.1	paired
SRS524474	GTEX.S4P3.0626.SM.4AD59.1	paired
SRS525336	GTEX.SUCS.1426.SM.4DM5W.1	paired
SRS524467	GTEX.T5JW.0226.SM.4DM7I.1	paired
SRS525257	GTEX.TKQ2.0426.SM.4DXUO.1	paired
SRS1036274	GTEX.WFON.0626.SM.5S2SX.1	paired
SRS631277	GTEX.WXYG.0826.SM.4ONC7.1	paired
SRS627829	GTEX.WY7C.1026.SM.4OND3.1	paired
SRS627930	GTEX.XBEW.1626.SM.4SOJP.1	paired
SRS524678	GTEX.XQ8I.1926.SM.4BOOK.1	paired
SRS524280	GTEX.XYKS.1226.SM.4BRVI.1	paired
SRS645875	GTEX.Y5LM.0526.SM.4V6G3.1	paired
SRS645787	GTEX.Y8E4.1326.SM.5IFIY.1	paired
SRS631255	GTEX.YB5K.1826.SM.5IFJC.1	paired
SRS644673	GTEX.ZDTT.1126.SM.4WKFW.1	paired
SRS631314	GTEX.1128S.2626.SM.5H11Z.1	paired
SRS650156	GTEX.117YW.2826.SM.5H116.1	paired
SRS629767	GTEX.1192W.3026.SM.5GZZV.1	paired
SRS623893	GTEX.11DXW.1226.SM.5H133.1	paired
SRS645872	GTEX.11DXY.3026.SM.5N9CB.1	paired
SRS645739	GTEX.11ZVC.3226.SM.5FQV1.1	paired
SRS636345	GTEX.1269C.3226.SM.5EGKT.1	paired
SRS649567	GTEX.12WSC.3126.SM.5GCNB.1	paired
SRS639244	GTEX.12WSM.2226.SM.5DUVS.1	paired
SRS648547	GTEX.12ZZX.3026.SM.5GCP3.1	paired
SRS630057	GTEX.131XW.3226.SM.5LZUO.1	paired
SRS638135	GTEX.139TT.2726.SM.5IJFM.1	paired
SRS644629	GTEX.13FHP.3126.SM.5KLYX.1	paired
SRS643832	GTEX.13IVO.3026.SM.5J2M2.1	paired
SRS628401	GTEX.13JUV.2626.SM.5N9EB.1	paired
SRS629513	GTEX.13OVH.3126.SM.5MR4Z.1	paired
SRS628353	GTEX.13OW8.3026.SM.5L3G8.1	paired
SRS650114	GTEX.13PLJ.1726.SM.5L3FT.1	paired
SRS639197	GTEX.13SLX.3026.SM.5RQJU.1	paired
SRS649453	GTEX.13X6J.3126.SM.5Q5EJ.1	paired
SRS626270	GTEX.1477Z.2826.SM.5SI9J.1	paired
SRS408921	GTEX.N7MT.1026.SM.3TW8T.1	paired
SRS408134	GTEX.NPJ7.2926.SM.3MJGQ.1	paired
SRS389772	GTEX.P44H.2626.SM.2XCET.1	paired
SRS524810	GTEX.R55E.2726.SM.48FCX.1	paired
SRS526012	GTEX.RU72.3126.SM.46MUB.1	paired
SRS524590	GTEX.TSE9.3126.SM.4DXSY.1	paired
SRS408548	GTEX.X4EP.3226.SM.3P5YR.1	paired
SRS408548	GTEX.X4EP.3226.SM.3P5YR.2	paired
SRS408548	GTEX.X4EP.3226.SM.3P5YR.3	paired
SRS643902	GTEX.ZYY3.3226.SM.5SI9X.1	paired
SRS629934	GTEX.117YW.1426.SM.5EGGO.1	paired
SRS636344	GTEX.148VJ.1826.SM.5Q5DV.1	paired
SRS631341	GTEX.14BMV.2326.SM.5RQJ4.1	paired
SRS646043	GTEX.YFCO.1626.SM.4W1Z3.1	paired
SRS644070	GTEX.ZYFD.2526.SM.5E45L.1	paired
SRS638182	GTEX.1117F.3026.SM.5GZYU.1	paired
SRS627113	GTEX.111FC.2926.SM.5GZY7.1	paired
SRS625010	GTEX.11EMC.2526.SM.5PNVU.1	paired
SRS643836	GTEX.11P81.2026.SM.5P9GT.1	paired
SRS648557	GTEX.11P82.0926.SM.5986X.1	paired
SRS644763	GTEX.11ZTS.3026.SM.5EQM7.1	paired
SRS627839	GTEX.11ZTT.2226.SM.5CVLP.1	paired
SRS635176	GTEX.12WSM.1826.SM.5BC64.1	paired
SRS636151	GTEX.12WSN.2226.SM.5DUXT.1	paired
SRS629580	GTEX.13111.2326.SM.5LZUQ.1	paired
SRS627763	GTEX.1314G.2026.SM.5LZUM.1	paired
SRS648334	GTEX.13JVG.2926.SM.5J2N9.1	paired
SRS625400	GTEX.13NYB.2426.SM.5IFF4.1	paired
SRS644657	GTEX.13OVI.2326.SM.5KM47.1	paired
SRS636062	GTEX.13QBU.2126.SM.5KLZN.1	paired
SRS646066	GTEX.13QJC.2326.SM.5Q5CD.1	paired
SRS643831	GTEX.13VXT.1726.SM.5IFF5.1	paired
SRS636338	GTEX.146FR.1226.SM.5SIA7.1	paired
SRS634131	GTEX.WYVS.2026.SM.4RGNS.1	paired
SRS649573	GTEX.X3Y1.1926.SM.4PQZO.1	paired
SRS524620	GTEX.X5EB.1726.SM.4E3J7.1	paired
SRS524723	GTEX.XGQ4.2626.SM.4AT6B.1	paired
SRS526081	GTEX.XMK1.2626.SM.4B65R.1	paired
SRS526571	GTEX.XV7Q.2426.SM.4BRV8.1	paired
SRS639307	GTEX.Y3I4.1926.SM.4TT8L.1	paired
SRS648676	GTEX.ZAB5.2326.SM.5IJFR.1	paired
SRS644547	GTEX.ZE7O.2926.SM.51MSG.1	paired
SRS627066	GTEX.ZP4G.1926.SM.57WDZ.1	paired
SRS626177	GTEX.ZQG8.2126.SM.4YCF1.1	paired
SRS643995	GTEX.ZXG5.2826.SM.5NQ8T.1	paired
SRS639170	GTEX.1128S.0008.SM.5Q5DP.1	paired
SRS623927	GTEX.11DXY.0126.SM.5H11Q.1	paired
SRS625734	GTEX.11NSD.2226.SM.5986V.1	paired
SRS648169	GTEX.11NUK.0008.SM.5Q5B9.1	paired
SRS625443	GTEX.11OF3.0008.SM.5S2NH.1	paired
SRS625381	GTEX.11TT1.1826.SM.5EQLV.1	paired
SRS644126	GTEX.11TUW.0008.SM.5SI6S.1	paired
SRS625333	GTEX.11TUW.0626.SM.5LU9M.1	paired
SRS627210	GTEX.11XUK.2026.SM.5EQLF.1	paired
SRS629518	GTEX.11ZTT.2126.SM.5CVLO.1	paired
SRS627198	GTEX.12WSB.0126.SM.59HJN.1	paired
SRS637630	GTEX.12WSC.2826.SM.5BC5Y.1	paired
SRS644486	GTEX.12WSD.0626.SM.5GCMW.1	paired
SRS629853	GTEX.12WSM.0008.SM.5S2VD.1	paired
SRS646080	GTEX.12ZZZ.0726.SM.5GCNZ.1	paired
SRS631293	GTEX.1313W.0626.SM.5EQ4H.1	paired
SRS645704	GTEX.1314G.1326.SM.5BC6E.1	paired
SRS633740	GTEX.131XW.0626.SM.5PNVD.1	paired
SRS649753	GTEX.139T8.0126.SM.5K7XZ.1	paired
SRS638174	GTEX.13FTX.1826.SM.5J1NX.1	paired
SRS636058	GTEX.13FTY.2126.SM.5IFFB.1	paired
SRS626193	GTEX.13N2G.2626.SM.5J1OT.1	paired
SRS629427	GTEX.13NZ9.2626.SM.5L3FK.1	paired
SRS635276	GTEX.13O3Q.2426.SM.5IJBR.1	paired
SRS629834	GTEX.13OW8.1326.SM.5J1OW.1	paired
SRS627879	GTEX.13PL6.1126.SM.5L3IE.1	paired
SRS643925	GTEX.13X6K.0626.SM.5LU5D.1	paired
SRS648294	GTEX.144GL.0626.SM.5LU4D.1	paired
SRS627446	GTEX.144GO.2026.SM.5O99P.1	paired
SRS644580	GTEX.146FQ.2126.SM.5RQHU.1	paired
SRS625351	GTEX.147F3.0526.SM.5SI98.1	paired
SRS629896	GTEX.14AS3.1526.SM.5Q5ED.1	paired
SRS635405	GTEX.14BMV.0126.SM.5S2PO.1	paired
SRS333383	GTEX.NFK9.0226.SM.2HMKQ.1	paired
SRS524645	GTEX.NL3G.0008.SM.4E3JX.1	paired
SRS524389	GTEX.O5YW.0008.SM.4E3IE.1	paired
SRS524477	GTEX.OHPM.0008.SM.4E3IP.1	paired
SRS333393	GTEX.OIZG.0726.SM.2I5GS.1	paired
SRS524543	GTEX.P4PP.0008.SM.48TDV.1	paired
SRS374727	GTEX.P4QR.0326.SM.2S1NU.1	paired
SRS374989	GTEX.PLZ4.0126.SM.2S1OG.1	paired
SRS525992	GTEX.PLZ6.0008.SM.48TD5.1	paired
SRS524511	GTEX.PWN1.0008.SM.48TEA.1	paired
SRS525337	GTEX.Q2AI.0008.SM.48U2H.1	paired
SRS525164	GTEX.Q734.0008.SM.48U2I.1	paired
SRS374729	GTEX.QEG4.0226.SM.2S1PY.1	paired
SRS374924	GTEX.QLQ7.1626.SM.2S1R8.1	paired
SRS374998	GTEX.R55G.2526.SM.2TC6D.1	paired
SRS526682	GTEX.RM2N.0008.SM.48FF3.1	paired
SRS374688	GTEX.RU72.0926.SM.2TF6B.1	paired
SRS526249	GTEX.S33H.0008.SM.4AD6C.1	paired
SRS390022	GTEX.S3XE.1726.SM.3K2AM.1	paired
SRS524247	GTEX.S7PM.0126.SM.4AD6S.1	paired
SRS389531	GTEX.SIU7.1726.SM.2XCDZ.1	paired
SRS524366	GTEX.SN8G.0008.SM.4DM4X.1	paired
SRS526097	GTEX.U3ZH.0008.SM.4DXT2.1	paired
SRS524713	GTEX.U3ZN.0008.SM.4DXTL.1	paired
SRS524873	GTEX.UJMC.0008.SM.4IHKK.1	paired
SRS389618	GTEX.VJWN.0126.SM.3GIK7.1	paired
SRS389597	GTEX.WFG8.2126.SM.3GIKQ.1	paired
SRS408873	GTEX.WHPG.2626.SM.3NMBR.1	paired
SRS625709	GTEX.WRHK.0008.SM.4MVPA.1	paired
SRS629741	GTEX.WXYG.0008.SM.4ONDU.1	paired
SRS524429	GTEX.WXYG.2026.SM.4E3IY.1	paired
SRS637875	GTEX.WYVS.0008.SM.4ONDY.1	paired
SRS408577	GTEX.X4EO.0326.SM.3P5YO.1	paired
SRS408577	GTEX.X4EO.0326.SM.3P5YO.2	paired
SRS408577	GTEX.X4EO.0326.SM.3P5YO.3	paired
SRS648532	GTEX.X4LF.0008.SM.4QAST.1	paired
SRS525027	GTEX.X8HC.0126.SM.4E3JW.1	paired
SRS524527	GTEX.X8HC.0626.SM.4E3HQ.1	paired
SRS649604	GTEX.XBEC.0726.SM.4QARZ.1	paired
SRS524225	GTEX.XK95.0008.SM.4AT5G.1	paired
SRS524470	GTEX.XQ3S.1426.SM.4BOPR.1	paired
SRS524504	GTEX.XUJ4.0008.SM.4BOQI.1	paired
SRS526027	GTEX.XV7Q.1826.SM.4BRUV.1	paired
SRS639257	GTEX.Y114.2426.SM.4TT8A.1	paired
SRS648737	GTEX.Y9LG.1126.SM.4VBQ7.1	paired
SRS648389	GTEX.ZAJG.1526.SM.5CVML.1	paired
SRS650081	GTEX.ZAK1.0126.SM.5IJD3.1	paired
SRS629657	GTEX.ZAK1.0626.SM.5HL8E.1	paired
SRS627094	GTEX.ZEX8.2426.SM.4WKG4.1	paired
SRS627156	GTEX.ZF29.0926.SM.4WKFZ.1	paired
SRS634307	GTEX.ZPIC.0008.SM.4E3JF.1	paired
SRS644631	GTEX.ZTPG.0326.SM.5O9AX.1	paired
SRS645824	GTEX.ZV68.0008.SM.4YCCV.1	paired
SRS627440	GTEX.ZV68.0126.SM.59HKS.1	paired
SRS643923	GTEX.ZV7C.0008.SM.57WCL.1	paired
SRS636571	GTEX.ZVE1.0008.SM.51MS9.1	paired
SRS648677	GTEX.ZXES.0008.SM.57WCX.1	paired
SRS638235	GTEX.ZZPU.0826.SM.5GZX5.1	paired
SRS626254	GTEX.1192X.2526.SM.59868.1	paired
SRS635321	GTEX.11NSD.1726.SM.5N9C3.1	paired
SRS650122	GTEX.11TUW.1926.SM.5BC58.1	paired
SRS644442	GTEX.11WQK.2326.SM.5GU4Z.1	paired
SRS625591	GTEX.12BJ1.1926.SM.5HL9Z.1	paired
SRS649727	GTEX.12WSK.1526.SM.5CVNO.1	paired
SRS638206	GTEX.13NYB.1826.SM.5J1N3.1	paired
SRS627731	GTEX.13PL7.2626.SM.5IFH4.1	paired
SRS628418	GTEX.13RTK.0826.SM.5Q5C6.1	paired
SRS628431	GTEX.13W3W.2026.SM.5K7UL.1	paired
SRS627044	GTEX.145ME.0926.SM.5O9AR.1	paired
SRS525970	GTEX.VUSG.1726.SM.4KKZL.1	paired
SRS525189	GTEX.WEY5.1526.SM.4LMJF.1	paired
SRS525207	GTEX.WFJO.0926.SM.4LVM2.1	paired
SRS644402	GTEX.WYJK.1526.SM.4ONCW.1	paired
SRS524516	GTEX.XGQ4.1326.SM.4GIDU.1	paired
SRS526545	GTEX.XUZC.1426.SM.4BRV3.1	paired
SRS637742	GTEX.Y114.1426.SM.4TT6W.1	paired
SRS629500	GTEX.Y3IK.1726.SM.4YCCR.1	paired
SRS644636	GTEX.Y5LM.1626.SM.4VDTB.1	paired
SRS629883	GTEX.YF7O.1826.SM.5IFIU.1	paired
SRS629619	GTEX.Z9EW.0926.SM.5CVMM.1	paired
SRS644431	GTEX.ZC5H.2326.SM.4WAYT.1	paired
SRS631273	GTEX.ZF29.1626.SM.4WKFJ.1	paired
SRS645907	GTEX.ZF2S.1726.SM.57WFT.1	paired
SRS645803	GTEX.ZLV1.1126.SM.4WWBW.1	paired
SRS644178	GTEX.ZQUD.0926.SM.57WE3.1	paired
SRS644777	GTEX.ZYFG.2026.SM.5E43Y.1	paired
SRS644085	GTEX.ZZ64.0526.SM.5GZXM.1	paired
SRS623994	GTEX.1122O.0526.SM.5N9DM.1	paired
SRS626808	GTEX.117YX.2126.SM.5GIEL.1	paired
SRS649654	GTEX.11P81.1326.SM.5GU5S.1	paired
SRS644457	GTEX.1211K.0426.SM.5FQTP.1	paired
SRS648517	GTEX.12WSD.1726.SM.5GCN4.1	paired
SRS628417	GTEX.12WSG.0926.SM.5EGIH.1	paired
SRS627516	GTEX.13PL7.1126.SM.5MR5O.1	paired
SRS650170	GTEX.13PVR.0326.SM.5RQJY.1	paired
SRS629893	GTEX.144GN.2126.SM.5O99D.1	paired
SRS644408	GTEX.147F3.0126.SM.5NQBJ.1	paired
SRS524440	GTEX.NPJ8.0626.SM.48TBO.1	paired
SRS525133	GTEX.O5YT.0926.SM.48TDG.1	paired
SRS526684	GTEX.P4PP.0926.SM.48TBZ.1	paired
SRS525396	GTEX.PW2O.0126.SM.48TC8.1	paired
SRS525275	GTEX.Q734.0226.SM.48U1A.1	paired
SRS639412	GTEX.QMRM.0226.SM.4R1K7.1	paired
SRS525236	GTEX.R55G.0226.SM.48FEI.1	paired
SRS526662	GTEX.RUSQ.0126.SM.47JWV.1	paired
SRS527991	GTEX.S3XE.0626.SM.4AD6B.1	paired
SRS524910	GTEX.UJHI.0126.SM.4IHLP.1	paired
SRS524679	GTEX.VJYA.0126.SM.4KL1P.1	paired
SRS524468	GTEX.XMK1.0126.SM.4B65F.1	paired
SRS524218	GTEX.XPVG.0626.SM.4B65B.1	paired
SRS639298	GTEX.Y114.0726.SM.4TT6U.1	paired
SRS629460	GTEX.YFCO.0926.SM.5LUA5.1	paired
SRS628354	GTEX.Z9EW.0726.SM.5HL9H.1	paired
SRS637636	GTEX.ZLWG.0426.SM.4WWFA.1	paired
SRS648460	GTEX.ZP4G.0326.SM.4YCEF.1	paired
SRS627303	GTEX.ZTTD.1726.SM.57WEL.1	paired
SRS638253	GTEX.ZVP2.0526.SM.51MSC.1	paired
SRS639151	GTEX.1122O.1926.SM.5EGIQ.1	paired
SRS648595	GTEX.11EI6.2426.SM.5PNVS.1	paired
SRS625461	GTEX.1211K.1426.SM.5FQTF.1	paired
SRS638073	GTEX.12696.1726.SM.5EQLH.1	paired
SRS637813	GTEX.131XF.1226.SM.5HL8V.1	paired
SRS645865	GTEX.139D8.2326.SM.5IFGE.1	paired
SRS624051	GTEX.13N1W.2026.SM.5K7YU.1	paired
SRS644004	GTEX.13O61.1126.SM.5L3FI.1	paired
SRS646013	GTEX.13OVI.1826.SM.5IFFT.1	paired
SRS637817	GTEX.13U4I.2526.SM.5SI8Z.1	paired
SRS408319	GTEX.NFK9.1526.SM.3LK7B.1	paired
SRS408446	GTEX.P78B.1826.SM.3P5YX.1	paired
SRS408446	GTEX.P78B.1826.SM.3P5YX.2	paired
SRS408446	GTEX.P78B.1826.SM.3P5YX.3	paired
SRS524203	GTEX.PWN1.1526.SM.48TDA.1	paired
SRS526094	GTEX.Q734.1026.SM.48U16.1	paired
SRS526157	GTEX.R53T.1226.SM.48FCT.1	paired
SRS526126	GTEX.R55D.1526.SM.48FEJ.1	paired
SRS524398	GTEX.RM2N.0826.SM.48FD3.1	paired
SRS526671	GTEX.RTLS.2626.SM.46MUJ.1	paired
SRS524829	GTEX.RWS6.0926.SM.47JXE.1	paired
SRS524328	GTEX.S4UY.1626.SM.4AD55.1	paired
SRS526546	GTEX.WFJO.1126.SM.4LVLZ.1	paired
SRS627061	GTEX.WY7C.1726.SM.4ONCC.1	paired
SRS645773	GTEX.Y114.1226.SM.4TT88.1	paired
SRS636090	GTEX.Y3I4.1626.SM.4TT7W.1	paired
SRS645784	GTEX.Y5LM.1326.SM.5RQIS.1	paired
SRS626809	GTEX.Y8E4.1526.SM.4WWDI.1	paired
SRS638077	GTEX.YEC3.1426.SM.5PNXW.1	paired
SRS644721	GTEX.ZPIC.2026.SM.57WG3.1	paired
SRS645952	GTEX.ZVP2.1626.SM.5GU5D.1	paired
SRS627884	GTEX.ZY6K.0726.SM.5A5L8.1	paired
SRS634865	GTEX.1192W.2326.SM.5N9BS.1	paired
SRS638271	GTEX.12696.0226.SM.5EGL3.1	paired
SRS634448	GTEX.13NZA.2526.SM.5IJFX.1	paired
SRS637301	GTEX.145LT.0426.SM.5LUAP.1	paired
SRS526608	GTEX.U4B1.1526.SM.4DXSL.1	paired
SRS625313	GTEX.1128S.0126.SM.5H12S.1	paired
SRS628419	GTEX.11OF3.0626.SM.5BC4Y.1	paired
SRS625471	GTEX.13113.0126.SM.5LZVX.1	paired
SRS634570	GTEX.13VXT.0626.SM.5SIA1.1	paired
SRS631250	GTEX.144GM.0226.SM.5Q5CB.1	paired
SRS648687	GTEX.146FQ.0726.SM.5LUA7.1	paired
SRS333555	GTEX.NFK9.0726.SM.2HMJW.1	paired
SRS333050	GTEX.OXRL.2626.SM.2I3F1.1	paired
SRS333415	GTEX.OXRP.0326.SM.2I5ET.1	paired
SRS333314	GTEX.PWOO.0926.SM.2I3EC.1	paired
SRS333298	GTEX.QMRM.0726.SM.2I5G8.1	paired
SRS374975	GTEX.R55G.0726.SM.2TC6J.1	paired
SRS645941	GTEX.RTLS.0626.SM.5SI7Z.1	paired
SRS389883	GTEX.S341.0226.SM.2XCAX.1	paired
SRS648815	GTEX.S7SF.0226.SM.5SI7H.1	paired
SRS389523	GTEX.TKQ1.0126.SM.33HB3.1	paired
SRS627713	GTEX.WFG7.0326.SM.5SI7L.1	paired
SRS408420	GTEX.WI4N.0926.SM.3LK7K.1	paired
SRS408302	GTEX.WY7C.0226.SM.3NB37.1	paired
SRS524819	GTEX.X5EB.0726.SM.46MVR.1	paired
SRS525320	GTEX.X8HC.0726.SM.46MWG.1	paired
SRS524284	GTEX.XBEW.0126.SM.4AT66.1	paired
SRS627519	GTEX.Y5LM.0626.SM.4V6G4.1	paired
SRS636565	GTEX.YB5E.0626.SM.4VDSE.1	paired
SRS636564	GTEX.ZA64.0426.SM.5HL96.1	paired
SRS636243	GTEX.ZAB5.0726.SM.5P9JG.1	paired
SRS638569	GTEX.ZPCL.0126.SM.4WWC8.1	paired
SRS638190	GTEX.ZQG8.0926.SM.57WFF.1	paired
SRS646000	GTEX.ZVP2.0426.SM.57WC2.1	paired
SRS629390	GTEX.ZZPU.1326.SM.5GZWS.1	paired
SRS648444	GTEX.11ZTT.1726.SM.5EQL4.1	paired
SRS408272	GTEX.P78B.2526.SM.3P5ZY.1	paired
SRS408272	GTEX.P78B.2526.SM.3P5ZY.2	paired
SRS408272	GTEX.P78B.2526.SM.3P5ZY.3	paired
SRS524611	GTEX.R55G.1626.SM.48FF4.1	paired
SRS524435	GTEX.TMMY.2226.SM.4DXTN.1	paired
SRS627735	GTEX.12ZZX.1926.SM.5EGKC.1	paired
SRS629487	GTEX.13QIC.1826.SM.5J1MY.1	paired
SRS524874	GTEX.T6MO.1226.SM.4DM5S.1	paired
SRS525178	GTEX.X8HC.2826.SM.46MWJ.1	paired
SRS626978	GTEX.ZXES.0626.SM.5E45P.1	paired
