SRS3729741	Day_250_3
SRS3729740	Day_250_2
SRS3729739	Day_250_1
SRS3729738	Day_200_3
SRS3729737	Day_200_2
SRS3729736	Day_200_1
SRS3729735	Day_181_3
SRS3729734	Day_181_2
SRS3729733	Day_181_1
SRS3729732	Day_173_3
SRS3729731	Day_173_2
SRS3729730	Day_173_1
SRS3729729	Day_158_2
SRS3729728	Day_158_1
SRS3729727	Day_128_3
SRS3729726	Day_128_2
SRS3729725	Day_128_1
SRS3729724	Day_111_3
SRS3729723	Day_111_2
SRS3729722	Day_111_1
SRS3729721	Day_69_3
SRS3729720	Day_69_2
SRS3729719	Day_69_1
SRS3729718	Day_35_3
SRS3729717	Day_35_2
SRS3729716	Day_35_1
SRS3729715	Day_20_2
SRS3729714	Day_20_1
SRS3729713	Day_10_3
SRS3729712	Day_10_2
SRS3729711	Day_10_1